"","empty","CITY","STATE","ZIP","POP","age0s","age10s","age20s","age30s","age40s","age50s","age60s","age70s","age80plus","type","kff_url","price21","price30","price40","price50","price60"
"1",1,"WASHINGTON","DC","20001",689545,10.2,9.1,21.4,20.4,11.4,10,8.9,5.5,2.9,"Urban","https://www.kff.org/interactive/subsidy-calculator/#state=dc&zip=20001&income-type=dollars&income=500%2C000&people=1&alternate-plan-family=&adult-count=1&adults%5B0%5D%5Bage%5D=AGENUM&adults%5B0%5D%5Btobacco%5D=0&child-count=0",431,462,578,849,1245
"2",3,"HUNTSVILLE","AL","35801",215006,11.1,12.2,17,13.7,10.9,12.7,11.1,7,4.5,"Urban","https://www.kff.org/interactive/subsidy-calculator/#state=al&zip=35801&income-type=dollars&income=500%2C000&people=1&alternate-plan-family=&adult-count=1&adults%5B0%5D%5Bage%5D=AGENUM&adults%5B0%5D%5Btobacco%5D=0&child-count=0",463,525,591,827,1256
"3",10,"BIRMINGHAM","AL","35203",200733,10.9,10.9,18,14.1,10.6,12,13.1,6.9,3.6,"Urban","https://www.kff.org/interactive/subsidy-calculator/#state=al&zip=35203&income-type=dollars&income=500%2C000&people=1&alternate-plan-family=&adult-count=1&adults%5B0%5D%5Bage%5D=AGENUM&adults%5B0%5D%5Btobacco%5D=0&child-count=0",430,488,549,768,1166
"4",29,"ANCHORAGE","AK","99501",291247,13,13,15.3,15.6,12,12.4,11,5.4,2,"Urban","https://www.kff.org/interactive/subsidy-calculator/#state=ak&zip=99501&income-type=dollars&income=500%2C000&people=1&alternate-plan-family=&adult-count=1&adults%5B0%5D%5Bage%5D=AGENUM&adults%5B0%5D%5Btobacco%5D=0&child-count=0",792,899,1013,1415,2151
"5",30,"FAIRBANKS","AK","99709",32515,14.5,11.8,27.3,15,8.6,8.3,7.9,4.3,2.4,"Urban","https://www.kff.org/interactive/subsidy-calculator/#state=ak&zip=99709&income-type=dollars&income=500%2C000&people=1&alternate-plan-family=&adult-count=1&adults%5B0%5D%5Bage%5D=AGENUM&adults%5B0%5D%5Btobacco%5D=0&child-count=0",834,946,1065,1489,2262
"6",31,"PHOENIX","AZ","85001",1608139,13.2,14.7,15.2,14.9,12.8,12.1,9.5,5.3,2.3,"Urban","https://www.kff.org/interactive/subsidy-calculator/#state=az&zip=85001&income-type=dollars&income=500%2C000&people=1&alternate-plan-family=&adult-count=1&adults%5B0%5D%5Bage%5D=AGENUM&adults%5B0%5D%5Btobacco%5D=0&child-count=0",291,330,371,519,789
"7",32,"TUCSON","AZ","85726",542629,10.8,12.7,17.4,13.8,11,11.5,11.6,7.3,3.8,"Urban","https://www.kff.org/interactive/subsidy-calculator/#state=az&zip=85726&income-type=dollars&income=500%2C000&people=1&alternate-plan-family=&adult-count=1&adults%5B0%5D%5Bage%5D=AGENUM&adults%5B0%5D%5Btobacco%5D=0&child-count=0",286,324,365,510,775
"8",38,"LITTLE ROCK","AR","72205",202591,12.2,12.5,14.6,14.6,12.4,11.9,11.6,6.8,3.5,"Urban","https://www.kff.org/interactive/subsidy-calculator/#state=ar&zip=72205&income-type=dollars&income=500%2C000&people=1&alternate-plan-family=&adult-count=1&adults%5B0%5D%5Bage%5D=AGENUM&adults%5B0%5D%5Btobacco%5D=0&child-count=0",358,406,458,639,972
"9",39,"FAYETTEVILLE","AR","72701",93949,10.5,14.4,29.2,14.2,9.7,7.9,7.2,4.5,2.4,"Urban","https://www.kff.org/interactive/subsidy-calculator/#state=ar&zip=72701&income-type=dollars&income=500%2C000&people=1&alternate-plan-family=&adult-count=1&adults%5B0%5D%5Bage%5D=AGENUM&adults%5B0%5D%5Btobacco%5D=0&child-count=0",358,406,458,639,972
"10",40,"LOS ANGELES","CA","90001",3898747,10.2,11.7,16.7,16.7,13.3,12.4,10,5.8,3.3,"Urban","https://www.kff.org/interactive/subsidy-calculator/#state=ca&zip=90001&income-type=dollars&income=500%2C000&people=1&alternate-plan-family=&adult-count=1&adults%5B0%5D%5Bage%5D=AGENUM&adults%5B0%5D%5Btobacco%5D=0&child-count=0",321,364,410,572,870
"11",49,"SAN DIEGO","CA","92122",1386932,10.2,11.6,18,16.4,12.5,11.8,10,6.1,3.3,"Urban","https://www.kff.org/interactive/subsidy-calculator/#state=ca&zip=92122&income-type=dollars&income=500%2C000&people=1&alternate-plan-family=&adult-count=1&adults%5B0%5D%5Bage%5D=AGENUM&adults%5B0%5D%5Btobacco%5D=0&child-count=0",344,391,440,614,934
"12",63,"DENVER","CO","80202",715522,10.6,10.3,19.4,20.6,12.7,10,8.7,5.3,2.5,"Urban","https://www.kff.org/interactive/subsidy-calculator/#state=co&zip=80202&income-type=dollars&income=500%2C000&people=1&alternate-plan-family=&adult-count=1&adults%5B0%5D%5Bage%5D=AGENUM&adults%5B0%5D%5Btobacco%5D=0&child-count=0",342,388,437,611,929
"13",75,"COLORADO SPRINGS","CO","80903",478961,12.1,12.8,15.9,14.9,11.8,11.9,10.9,6.4,3.2,"Urban","https://www.kff.org/interactive/subsidy-calculator/#state=co&zip=80903&income-type=dollars&income=500%2C000&people=1&alternate-plan-family=&adult-count=1&adults%5B0%5D%5Bage%5D=AGENUM&adults%5B0%5D%5Btobacco%5D=0&child-count=0",355,403,454,634,964
"14",83,"BRIDGEPORT","CT","06602",148654,12.4,14.4,15.2,14.8,12.7,12.7,9.6,5.3,2.9,"Urban","https://www.kff.org/interactive/subsidy-calculator/#state=ct&zip=06602&income-type=dollars&income=500%2C000&people=1&alternate-plan-family=&adult-count=1&adults%5B0%5D%5Bage%5D=AGENUM&adults%5B0%5D%5Btobacco%5D=0&child-count=0",581,659,742,1037,1576
"15",85,"STAMFORD","CT","06902",135470,11.1,11,15.1,16.7,12.4,12.7,10.5,6.3,4.2,"Urban","https://www.kff.org/interactive/subsidy-calculator/#state=ct&zip=06902&income-type=dollars&income=500%2C000&people=1&alternate-plan-family=&adult-count=1&adults%5B0%5D%5Bage%5D=AGENUM&adults%5B0%5D%5Btobacco%5D=0&child-count=0",581,659,742,1037,1576
"16",89,"WILMINGTON","DE","19801",70898,12.6,13,14.7,15.4,11.3,12.6,11.1,6.2,3.1,"Urban","https://www.kff.org/interactive/subsidy-calculator/#state=de&zip=19801&income-type=dollars&income=500%2C000&people=1&alternate-plan-family=&adult-count=1&adults%5B0%5D%5Bage%5D=AGENUM&adults%5B0%5D%5Btobacco%5D=0&child-count=0",418,474,534,746,1133
"17",95,"DOVER","DE","19901",39403,12,14.1,20,12.2,9.5,10.4,10.3,7.1,4.5,"Urban","https://www.kff.org/interactive/subsidy-calculator/#state=de&zip=19901&income-type=dollars&income=500%2C000&people=1&alternate-plan-family=&adult-count=1&adults%5B0%5D%5Bage%5D=AGENUM&adults%5B0%5D%5Btobacco%5D=0&child-count=0",418,474,534,746,1133
"18",96,"JACKSONVILLE","FL","32244",949611,12,12.2,14.7,14.5,12,13,11.5,6.7,3.2,"Urban","https://www.kff.org/interactive/subsidy-calculator/#state=fl&zip=32244&income-type=dollars&income=500%2C000&people=1&alternate-plan-family=&adult-count=1&adults%5B0%5D%5Bage%5D=AGENUM&adults%5B0%5D%5Btobacco%5D=0&child-count=0",372,422,475,664,1009
"19",97,"MIAMI","FL","33112",442241,9.3,9.1,14.5,17.5,13.8,13.5,10.4,7.1,4.9,"Urban","https://www.kff.org/interactive/subsidy-calculator/#state=fl&zip=33112&income-type=dollars&income=500%2C000&people=1&alternate-plan-family=&adult-count=1&adults%5B0%5D%5Bage%5D=AGENUM&adults%5B0%5D%5Btobacco%5D=0&child-count=0",403,457,515,719,1093
"20",101,"ATLANTA","GA","30304",498715,9.8,10.6,22.6,18.7,12.1,10.5,8.2,5,2.6,"Urban","https://www.kff.org/interactive/subsidy-calculator/#state=ga&zip=30304&income-type=dollars&income=500%2C000&people=1&alternate-plan-family=&adult-count=1&adults%5B0%5D%5Bage%5D=AGENUM&adults%5B0%5D%5Btobacco%5D=0&child-count=0",405,460,518,724,1100
"21",116,"COLUMBUS","GA","31907",206922,13.2,13.6,14.9,14,11.5,11.9,11.3,6.4,3.3,"Urban","https://www.kff.org/interactive/subsidy-calculator/#state=ga&zip=31907&income-type=dollars&income=500%2C000&people=1&alternate-plan-family=&adult-count=1&adults%5B0%5D%5Bage%5D=AGENUM&adults%5B0%5D%5Btobacco%5D=0&child-count=0",382,434,488,682,1037
"22",120,"URBAN HONOLULU","HI","96801",350964,9.2,9.6,13.3,14,12.4,13.3,13.1,8.9,6,"Urban","https://www.kff.org/interactive/subsidy-calculator/#state=hi&zip=96801&income-type=dollars&income=500%2C000&people=1&alternate-plan-family=&adult-count=1&adults%5B0%5D%5Bage%5D=AGENUM&adults%5B0%5D%5Btobacco%5D=0&child-count=0",386,438,493,689,1047
"23",121,"EAST HONOLULU","HI","96825",50922,8.5,11.7,7.8,9.2,12.3,15.1,15.1,12.6,7.7,"Urban","https://www.kff.org/interactive/subsidy-calculator/#state=hi&zip=96825&income-type=dollars&income=500%2C000&people=1&alternate-plan-family=&adult-count=1&adults%5B0%5D%5Bage%5D=AGENUM&adults%5B0%5D%5Btobacco%5D=0&child-count=0",386,438,493,689,1047
"24",122,"BOISE","ID","83702",235684,10.7,12.8,16,14.6,12.3,11.8,11.3,7,3.5,"Urban","https://www.kff.org/interactive/subsidy-calculator/#state=id&zip=83702&income-type=dollars&income=500%2C000&people=1&alternate-plan-family=&adult-count=1&adults%5B0%5D%5Bage%5D=AGENUM&adults%5B0%5D%5Btobacco%5D=0&child-count=0",339,385,433,605,920
"25",123,"MERIDIAN","ID","83642",117635,14.4,16.7,11.4,14.1,13.9,11,9.1,6.5,3.1,"Urban","https://www.kff.org/interactive/subsidy-calculator/#state=id&zip=83642&income-type=dollars&income=500%2C000&people=1&alternate-plan-family=&adult-count=1&adults%5B0%5D%5Bage%5D=AGENUM&adults%5B0%5D%5Btobacco%5D=0&child-count=0",339,385,433,605,920
"26",124,"CHICAGO","IL","60604",2746388,10.9,11.5,17.9,17.4,12.7,11.5,9.8,5.5,2.9,"Urban","https://www.kff.org/interactive/subsidy-calculator/#state=il&zip=60604&income-type=dollars&income=500%2C000&people=1&alternate-plan-family=&adult-count=1&adults%5B0%5D%5Bage%5D=AGENUM&adults%5B0%5D%5Btobacco%5D=0&child-count=0",312,354,398,556,846
"27",144,"AURORA","IL","60505",180542,13.5,16.5,13.6,14.2,14.9,12.4,8.4,4.4,2,"Urban","https://www.kff.org/interactive/subsidy-calculator/#state=il&zip=60505&income-type=dollars&income=500%2C000&people=1&alternate-plan-family=&adult-count=1&adults%5B0%5D%5Bage%5D=AGENUM&adults%5B0%5D%5Btobacco%5D=0&child-count=0",312,354,399,558,847
"28",147,"INDIANAPOLIS CITY (BALANCE)","IN","46201",887642,13.4,13.4,16,15.2,11.9,11.6,10.4,5.4,2.7,"Urban","https://www.kff.org/interactive/subsidy-calculator/#state=in&zip=46201&income-type=dollars&income=500%2C000&people=1&alternate-plan-family=&adult-count=1&adults%5B0%5D%5Bage%5D=AGENUM&adults%5B0%5D%5Btobacco%5D=0&child-count=0",302,343,386,539,819
"29",148,"FORT WAYNE","IN","46802",263886,13.9,13.8,15,13.4,11.6,11.4,11.2,6.4,3.5,"Urban","https://www.kff.org/interactive/subsidy-calculator/#state=in&zip=46802&income-type=dollars&income=500%2C000&people=1&alternate-plan-family=&adult-count=1&adults%5B0%5D%5Bage%5D=AGENUM&adults%5B0%5D%5Btobacco%5D=0&child-count=0",329,373,420,587,892
"30",149,"DES MOINES","IA","50318",214133,13.1,13.2,16.1,14.9,11.7,11.8,10.4,5.7,3.1,"Urban","https://www.kff.org/interactive/subsidy-calculator/#state=ia&zip=50318&income-type=dollars&income=500%2C000&people=1&alternate-plan-family=&adult-count=1&adults%5B0%5D%5Bage%5D=AGENUM&adults%5B0%5D%5Btobacco%5D=0&child-count=0",321,364,410,573,870
"31",176,"CEDAR RAPIDS","IA","52401",137710,12.5,12.9,15.2,14.2,11.6,11.8,10.8,6.6,4.4,"Urban","https://www.kff.org/interactive/subsidy-calculator/#state=ia&zip=52401&income-type=dollars&income=500%2C000&people=1&alternate-plan-family=&adult-count=1&adults%5B0%5D%5Bage%5D=AGENUM&adults%5B0%5D%5Btobacco%5D=0&child-count=0",332,377,425,593,902
"32",179,"WICHITA","KS","67208",397532,13.2,14.1,14.8,13.5,11.3,11.8,11.4,6.4,3.4,"Urban","https://www.kff.org/interactive/subsidy-calculator/#state=ks&zip=67208&income-type=dollars&income=500%2C000&people=1&alternate-plan-family=&adult-count=1&adults%5B0%5D%5Bage%5D=AGENUM&adults%5B0%5D%5Btobacco%5D=0&child-count=0",397,450,507,709,1077
"33",180,"OVERLAND PARK","KS","66202",197238,12,12.8,13.1,14,12.6,12.7,11.3,7.2,4.1,"Urban","https://www.kff.org/interactive/subsidy-calculator/#state=ks&zip=66202&income-type=dollars&income=500%2C000&people=1&alternate-plan-family=&adult-count=1&adults%5B0%5D%5Bage%5D=AGENUM&adults%5B0%5D%5Btobacco%5D=0&child-count=0",371,421,474,663,1008
"34",182,"LEXINGTON-FAYETTE URBAN","KY","40502",322570,11.6,13.3,17.2,14.5,12.2,11.2,10.3,6.2,3.2,"Urban","https://www.kff.org/interactive/subsidy-calculator/#state=ky&zip=40502&income-type=dollars&income=500%2C000&people=1&alternate-plan-family=&adult-count=1&adults%5B0%5D%5Bage%5D=AGENUM&adults%5B0%5D%5Btobacco%5D=0&child-count=0",332,377,424,593,901
"35",183,"NEW ORLEANS","LA","70113",383997,11.1,11.9,16.1,16.6,11.7,11.7,11.6,6.4,3,"Urban","https://www.kff.org/interactive/subsidy-calculator/#state=la&zip=70113&income-type=dollars&income=500%2C000&people=1&alternate-plan-family=&adult-count=1&adults%5B0%5D%5Bage%5D=AGENUM&adults%5B0%5D%5Btobacco%5D=0&child-count=0",369,419,472,660,1003
"36",194,"BATON ROUGE","LA","70801",227470,11.6,15,19.6,13.2,10.1,10.5,10.5,6.1,3.3,"Urban","https://www.kff.org/interactive/subsidy-calculator/#state=la&zip=70801&income-type=dollars&income=500%2C000&people=1&alternate-plan-family=&adult-count=1&adults%5B0%5D%5Bage%5D=AGENUM&adults%5B0%5D%5Btobacco%5D=0&child-count=0",387,440,495,692,1051
"37",200,"PORTLAND","ME","04101",68408,8.7,8.4,18,18.4,11.9,12.1,11.7,6.9,4,"Urban","https://www.kff.org/interactive/subsidy-calculator/#state=me&zip=04101&income-type=dollars&income=500%2C000&people=1&alternate-plan-family=&adult-count=1&adults%5B0%5D%5Bage%5D=AGENUM&adults%5B0%5D%5Btobacco%5D=0&child-count=0",408,463,522,729,1108
"38",203,"LEWISTON","ME","04240",37121,11.9,14.2,13.5,13,11.4,12.7,11,7.7,4.7,"Urban","https://www.kff.org/interactive/subsidy-calculator/#state=me&zip=04240&income-type=dollars&income=500%2C000&people=1&alternate-plan-family=&adult-count=1&adults%5B0%5D%5Bage%5D=AGENUM&adults%5B0%5D%5Btobacco%5D=0&child-count=0",446,506,570,796,1209
"39",204,"BALTIMORE","MD","21233",585708,10.9,11.2,17.7,16.7,10.7,12.1,11.3,6.2,3.2,"Urban","https://www.kff.org/interactive/subsidy-calculator/#state=md&zip=21233&income-type=dollars&income=500%2C000&people=1&alternate-plan-family=&adult-count=1&adults%5B0%5D%5Bage%5D=AGENUM&adults%5B0%5D%5Btobacco%5D=0&child-count=0",286,324,365,511,776
"40",216,"COLUMBIA","MD","21044",104681,11.8,12.6,13.1,14.6,13,13.1,11,7.5,3.3,"Urban","https://www.kff.org/interactive/subsidy-calculator/#state=md&zip=21044&income-type=dollars&income=500%2C000&people=1&alternate-plan-family=&adult-count=1&adults%5B0%5D%5Bage%5D=AGENUM&adults%5B0%5D%5Btobacco%5D=0&child-count=0",286,324,365,511,776
"41",217,"BOSTON","MA","02114",675647,8.4,10.2,27.1,17.4,9.8,10,8.7,5.4,3,"Urban","https://www.kff.org/interactive/subsidy-calculator/#state=ma&zip=02114&income-type=dollars&income=500%2C000&people=1&alternate-plan-family=&adult-count=1&adults%5B0%5D%5Bage%5D=AGENUM&adults%5B0%5D%5Btobacco%5D=0&child-count=0",379,412,446,558,758
"42",225,"WORCESTER","MA","01613",206518,10.8,13.5,19,14.2,11.3,12,10.3,5.6,3.4,"Urban","https://www.kff.org/interactive/subsidy-calculator/#state=ma&zip=01613&income-type=dollars&income=500%2C000&people=1&alternate-plan-family=&adult-count=1&adults%5B0%5D%5Bage%5D=AGENUM&adults%5B0%5D%5Btobacco%5D=0&child-count=0",392,426,461,576,783
"43",226,"DETROIT","MI","48233",639111,13.9,13.9,15.1,13.2,11.8,12.2,11.2,6,2.9,"Urban","https://www.kff.org/interactive/subsidy-calculator/#state=mi&zip=48233&income-type=dollars&income=500%2C000&people=1&alternate-plan-family=&adult-count=1&adults%5B0%5D%5Bage%5D=AGENUM&adults%5B0%5D%5Btobacco%5D=0&child-count=0",282,320,360,503,765
"44",241,"GRAND RAPIDS","MI","49501",198917,12.3,12.2,22,15.9,10,9.8,9.3,5,3.5,"Urban","https://www.kff.org/interactive/subsidy-calculator/#state=mi&zip=49501&income-type=dollars&income=500%2C000&people=1&alternate-plan-family=&adult-count=1&adults%5B0%5D%5Bage%5D=AGENUM&adults%5B0%5D%5Btobacco%5D=0&child-count=0",311,353,397,555,843
"45",245,"MINNEAPOLIS","MN","55401",429954,10.8,10.9,22.6,18.6,11.5,10.1,8.8,4.7,1.9,"Urban","https://www.kff.org/interactive/subsidy-calculator/#state=mn&zip=55401&income-type=dollars&income=500%2C000&people=1&alternate-plan-family=&adult-count=1&adults%5B0%5D%5Bage%5D=AGENUM&adults%5B0%5D%5Btobacco%5D=0&child-count=0",247,280,315,440,669
"46",254,"ST. PAUL","MN","55101",311527,13.4,13.7,17.8,16,11.1,10.9,9.6,5,2.5,"Urban","https://www.kff.org/interactive/subsidy-calculator/#state=mn&zip=55101&income-type=dollars&income=500%2C000&people=1&alternate-plan-family=&adult-count=1&adults%5B0%5D%5Bage%5D=AGENUM&adults%5B0%5D%5Btobacco%5D=0&child-count=0",247,280,315,440,669
"47",255,"JACKSON","MS","39201",153701,12.1,13.9,15.5,13,11.4,12.2,12.3,6.4,3.1,"Urban","https://www.kff.org/interactive/subsidy-calculator/#state=ms&zip=39201&income-type=dollars&income=500%2C000&people=1&alternate-plan-family=&adult-count=1&adults%5B0%5D%5Bage%5D=AGENUM&adults%5B0%5D%5Btobacco%5D=0&child-count=0",380,431,486,679,1031
"48",257,"GULFPORT","MS","39501",72926,12.9,13.2,13.8,13.7,11.6,12.2,12,7.1,3.5,"Urban","https://www.kff.org/interactive/subsidy-calculator/#state=ms&zip=39501&income-type=dollars&income=500%2C000&people=1&alternate-plan-family=&adult-count=1&adults%5B0%5D%5Bage%5D=AGENUM&adults%5B0%5D%5Btobacco%5D=0&child-count=0",385,437,492,687,1044
"49",258,"KANSAS CITY","MO","64108",508090,12.5,12.2,16.6,15.8,11.9,11.8,10.5,5.8,2.9,"Urban","https://www.kff.org/interactive/subsidy-calculator/#state=mo&zip=64108&income-type=dollars&income=500%2C000&people=1&alternate-plan-family=&adult-count=1&adults%5B0%5D%5Bage%5D=AGENUM&adults%5B0%5D%5Btobacco%5D=0&child-count=0",370,419,472,660,1003
"50",269,"ST. LOUIS","MO","63101",301578,10.2,10.2,19.1,17.3,11.4,11.8,11.7,5.6,2.7,"Urban","https://www.kff.org/interactive/subsidy-calculator/#state=mo&zip=63101&income-type=dollars&income=500%2C000&people=1&alternate-plan-family=&adult-count=1&adults%5B0%5D%5Bage%5D=AGENUM&adults%5B0%5D%5Btobacco%5D=0&child-count=0",330,375,422,589,896
"51",270,"BILLINGS","MT","59101",117116,12.3,12.5,13.7,14.5,11.2,11.4,12.1,7.8,4.7,"Urban","https://www.kff.org/interactive/subsidy-calculator/#state=mt&zip=59101&income-type=dollars&income=500%2C000&people=1&alternate-plan-family=&adult-count=1&adults%5B0%5D%5Bage%5D=AGENUM&adults%5B0%5D%5Btobacco%5D=0&child-count=0",472,536,604,844,1282
"52",276,"MISSOULA","MT","59801",73489,10.1,11.1,20.2,16.6,11.7,9.8,10.5,6.7,3.5,"Urban","https://www.kff.org/interactive/subsidy-calculator/#state=mt&zip=59801&income-type=dollars&income=500%2C000&people=1&alternate-plan-family=&adult-count=1&adults%5B0%5D%5Bage%5D=AGENUM&adults%5B0%5D%5Btobacco%5D=0&child-count=0",419,476,536,748,1137
"53",277,"OMAHA","NE","68106",486051,13.4,13.9,15.6,14.6,11.4,11.5,10.5,5.9,3.1,"Urban","https://www.kff.org/interactive/subsidy-calculator/#state=ne&zip=68106&income-type=dollars&income=500%2C000&people=1&alternate-plan-family=&adult-count=1&adults%5B0%5D%5Bage%5D=AGENUM&adults%5B0%5D%5Btobacco%5D=0&child-count=0",439,499,562,785,1193
"54",287,"LINCOLN","NE","68501",291082,12.3,14.2,17.7,14.2,11.3,10.4,10.3,6.3,3.2,"Urban","https://www.kff.org/interactive/subsidy-calculator/#state=ne&zip=68501&income-type=dollars&income=500%2C000&people=1&alternate-plan-family=&adult-count=1&adults%5B0%5D%5Bage%5D=AGENUM&adults%5B0%5D%5Btobacco%5D=0&child-count=0",459,520,586,819,1244
"55",288,"LAS VEGAS","NV","89106",641903,12.2,13.5,13,13.9,13.2,12.8,10.9,7.2,3.3,"Urban","https://www.kff.org/interactive/subsidy-calculator/#state=nv&zip=89106&income-type=dollars&income=500%2C000&people=1&alternate-plan-family=&adult-count=1&adults%5B0%5D%5Bage%5D=AGENUM&adults%5B0%5D%5Btobacco%5D=0&child-count=0",298,339,381,533,810
"56",296,"HENDERSON","NV","89002",317610,10.5,12.3,11,12.9,13.4,13.6,12.7,9.9,3.9,"Urban","https://www.kff.org/interactive/subsidy-calculator/#state=nv&zip=89002&income-type=dollars&income=500%2C000&people=1&alternate-plan-family=&adult-count=1&adults%5B0%5D%5Bage%5D=AGENUM&adults%5B0%5D%5Btobacco%5D=0&child-count=0",298,339,381,533,810
"57",297,"MANCHESTER","NH","03103",115644,10.4,10.6,17.2,15.7,11.4,13.3,11.5,6.3,3.6,"Urban","https://www.kff.org/interactive/subsidy-calculator/#state=nh&zip=03103&income-type=dollars&income=500%2C000&people=1&alternate-plan-family=&adult-count=1&adults%5B0%5D%5Bage%5D=AGENUM&adults%5B0%5D%5Btobacco%5D=0&child-count=0",254,288,324,453,689
"58",298,"NASHUA","NH","03060",91322,10.1,11.3,13.6,14.3,12.2,14.6,12.5,7.2,4,"Urban","https://www.kff.org/interactive/subsidy-calculator/#state=nh&zip=03060&income-type=dollars&income=500%2C000&people=1&alternate-plan-family=&adult-count=1&adults%5B0%5D%5Bage%5D=AGENUM&adults%5B0%5D%5Btobacco%5D=0&child-count=0",254,288,324,453,689
"59",299,"NEWARK","NJ","07102",311549,13.5,14.6,15.2,15.9,13.6,12.2,8.5,4.4,2,"Urban","https://www.kff.org/interactive/subsidy-calculator/#state=nj&zip=07102&income-type=dollars&income=500%2C000&people=1&alternate-plan-family=&adult-count=1&adults%5B0%5D%5Bage%5D=AGENUM&adults%5B0%5D%5Btobacco%5D=0&child-count=0",382,433,488,682,1036
"60",309,"JERSEY CITY","NJ","07302",292449,12,9.2,19.1,22.6,12.5,10.3,8,4.4,2,"Urban","https://www.kff.org/interactive/subsidy-calculator/#state=nj&zip=07302&income-type=dollars&income=500%2C000&people=1&alternate-plan-family=&adult-count=1&adults%5B0%5D%5Bage%5D=AGENUM&adults%5B0%5D%5Btobacco%5D=0&child-count=0",382,433,488,682,1036
"61",312,"ALBUQUERQUE","NM","87101",564559,10.8,12.9,14.4,14.4,12,12.3,11.9,7.6,3.8,"Urban","https://www.kff.org/interactive/subsidy-calculator/#state=nm&zip=87101&income-type=dollars&income=500%2C000&people=1&alternate-plan-family=&adult-count=1&adults%5B0%5D%5Bage%5D=AGENUM&adults%5B0%5D%5Btobacco%5D=0&child-count=0",352,400,450,629,956
"62",316,"LAS CRUCES","NM","88001",111385,12.2,13.7,16.4,13.6,10.5,10.4,11.1,7.8,4.3,"Urban","https://www.kff.org/interactive/subsidy-calculator/#state=nm&zip=88001&income-type=dollars&income=500%2C000&people=1&alternate-plan-family=&adult-count=1&adults%5B0%5D%5Bage%5D=AGENUM&adults%5B0%5D%5Btobacco%5D=0&child-count=0",407,462,521,727,1105
"63",368,"CHARLOTTE","NC","28204",874579,12.3,13.1,16.9,16.6,13.4,11.7,8.8,4.9,2.2,"Urban","https://www.kff.org/interactive/subsidy-calculator/#state=nc&zip=28204&income-type=dollars&income=500%2C000&people=1&alternate-plan-family=&adult-count=1&adults%5B0%5D%5Bage%5D=AGENUM&adults%5B0%5D%5Btobacco%5D=0&child-count=0",379,430,484,677,1028
"64",381,"RALEIGH","NC","27601",467665,11.2,12.8,19.3,16.1,12.9,11.2,8.6,5.1,2.7,"Urban","https://www.kff.org/interactive/subsidy-calculator/#state=nc&zip=27601&income-type=dollars&income=500%2C000&people=1&alternate-plan-family=&adult-count=1&adults%5B0%5D%5Bage%5D=AGENUM&adults%5B0%5D%5Btobacco%5D=0&child-count=0",375,425,479,669,1017
"65",391,"FARGO","ND","58102",125990,12,12,21.8,15.6,10.6,9.9,9.7,5.2,3.3,"Urban","https://www.kff.org/interactive/subsidy-calculator/#state=nd&zip=58102&income-type=dollars&income=500%2C000&people=1&alternate-plan-family=&adult-count=1&adults%5B0%5D%5Bage%5D=AGENUM&adults%5B0%5D%5Btobacco%5D=0&child-count=0",352,399,449,628,955
"66",396,"BISMARCK","ND","58501",73622,12.5,11.8,14,14.5,11.2,11,12.1,7.5,5.4,"Urban","https://www.kff.org/interactive/subsidy-calculator/#state=nd&zip=58501&income-type=dollars&income=500%2C000&people=1&alternate-plan-family=&adult-count=1&adults%5B0%5D%5Bage%5D=AGENUM&adults%5B0%5D%5Btobacco%5D=0&child-count=0",352,399,449,628,955
"67",397,"COLUMBUS","OH","43216",905748,12.8,11.9,20.7,16.7,11.5,10.5,9,4.7,2.3,"Urban","https://www.kff.org/interactive/subsidy-calculator/#state=oh&zip=43216&income-type=dollars&income=500%2C000&people=1&alternate-plan-family=&adult-count=1&adults%5B0%5D%5Bage%5D=AGENUM&adults%5B0%5D%5Btobacco%5D=0&child-count=0",368,418,471,658,1000
"68",409,"CLEVELAND","OH","44101",372624,12.2,12,16.3,14.3,10.8,13.1,12.3,5.9,3.3,"Urban","https://www.kff.org/interactive/subsidy-calculator/#state=oh&zip=44101&income-type=dollars&income=500%2C000&people=1&alternate-plan-family=&adult-count=1&adults%5B0%5D%5Bage%5D=AGENUM&adults%5B0%5D%5Btobacco%5D=0&child-count=0",318,361,407,568,864
"69",418,"OKLAHOMA CITY","OK","73125",681054,13.7,13.7,14.8,15.4,12.2,11.2,10.3,5.9,3,"Urban","https://www.kff.org/interactive/subsidy-calculator/#state=ok&zip=73125&income-type=dollars&income=500%2C000&people=1&alternate-plan-family=&adult-count=1&adults%5B0%5D%5Bage%5D=AGENUM&adults%5B0%5D%5Btobacco%5D=0&child-count=0",351,398,448,627,952
"70",422,"TULSA","OK","74103",413066,13,13.3,15.1,14.2,11.7,11.4,11,6.5,3.7,"Urban","https://www.kff.org/interactive/subsidy-calculator/#state=ok&zip=74103&income-type=dollars&income=500%2C000&people=1&alternate-plan-family=&adult-count=1&adults%5B0%5D%5Bage%5D=AGENUM&adults%5B0%5D%5Btobacco%5D=0&child-count=0",363,412,464,648,985
"71",429,"PORTLAND","OR","97208",652503,9.3,9.8,15.7,19.4,14.9,11.6,10.3,6.2,2.8,"Urban","https://www.kff.org/interactive/subsidy-calculator/#state=or&zip=97208&income-type=dollars&income=500%2C000&people=1&alternate-plan-family=&adult-count=1&adults%5B0%5D%5Bage%5D=AGENUM&adults%5B0%5D%5Btobacco%5D=0&child-count=0",365,414,466,652,990
"72",434,"EUGENE","OR","97401",176654,8.8,11.9,20,13.8,11.5,10.3,11.4,8.2,4,"Urban","https://www.kff.org/interactive/subsidy-calculator/#state=or&zip=97401&income-type=dollars&income=500%2C000&people=1&alternate-plan-family=&adult-count=1&adults%5B0%5D%5Bage%5D=AGENUM&adults%5B0%5D%5Btobacco%5D=0&child-count=0",412,467,526,735,1117
"73",435,"PHILADELPHIA","PA","19104",1603797,11.2,11.9,18,16.3,11.1,11.4,10.6,6.1,3.3,"Urban","https://www.kff.org/interactive/subsidy-calculator/#state=pa&zip=19104&income-type=dollars&income=500%2C000&people=1&alternate-plan-family=&adult-count=1&adults%5B0%5D%5Bage%5D=AGENUM&adults%5B0%5D%5Btobacco%5D=0&child-count=0",284,323,363,508,772
"74",464,"PITTSBURGH","PA","15205",302971,8.4,10.5,24.8,16.1,9.1,9.9,11,6.4,3.7,"Urban","https://www.kff.org/interactive/subsidy-calculator/#state=pa&zip=15205&income-type=dollars&income=500%2C000&people=1&alternate-plan-family=&adult-count=1&adults%5B0%5D%5Bage%5D=AGENUM&adults%5B0%5D%5Btobacco%5D=0&child-count=0",319,362,408,570,867
"75",486,"PROVIDENCE","RI","02904",190934,11.3,15.6,21.1,15.1,10.7,10.3,8.6,4.6,2.6,"Urban","https://www.kff.org/interactive/subsidy-calculator/#state=ri&zip=02904&income-type=dollars&income=500%2C000&people=1&alternate-plan-family=&adult-count=1&adults%5B0%5D%5Bage%5D=AGENUM&adults%5B0%5D%5Btobacco%5D=0&child-count=0",332,377,425,594,902
"76",489,"CRANSTON","RI","02905",82934,9.8,11.9,12.7,14.1,12.3,14,13.2,7.7,4.6,"Urban","https://www.kff.org/interactive/subsidy-calculator/#state=ri&zip=02905&income-type=dollars&income=500%2C000&people=1&alternate-plan-family=&adult-count=1&adults%5B0%5D%5Bage%5D=AGENUM&adults%5B0%5D%5Btobacco%5D=0&child-count=0",332,377,425,594,902
"77",490,"CHARLESTON","SC","29401",150227,10.8,9.4,19.2,17.2,11.3,10.6,10.8,7.3,3.4,"Urban","https://www.kff.org/interactive/subsidy-calculator/#state=sc&zip=29401&income-type=dollars&income=500%2C000&people=1&alternate-plan-family=&adult-count=1&adults%5B0%5D%5Bage%5D=AGENUM&adults%5B0%5D%5Btobacco%5D=0&child-count=0",313,355,400,559,849
"78",491,"COLUMBIA","SC","29201",136632,9,17.7,23.4,13.3,9.8,9.8,9.1,5.4,2.5,"Urban","https://www.kff.org/interactive/subsidy-calculator/#state=sc&zip=29201&income-type=dollars&income=500%2C000&people=1&alternate-plan-family=&adult-count=1&adults%5B0%5D%5Bage%5D=AGENUM&adults%5B0%5D%5Btobacco%5D=0&child-count=0",375,426,479,670,1017
"79",502,"SIOUX FALLS","SD","57104",192517,14.1,12.7,14.8,15.4,11.7,11.2,10.4,6.2,3.4,"Urban","https://www.kff.org/interactive/subsidy-calculator/#state=sd&zip=57104&income-type=dollars&income=500%2C000&people=1&alternate-plan-family=&adult-count=1&adults%5B0%5D%5Bage%5D=AGENUM&adults%5B0%5D%5Btobacco%5D=0&child-count=0",369,419,471,659,1001
"80",506,"RAPID CITY","SD","57701",74703,11.9,12.6,14.9,14,10.8,10.9,12.1,7.6,5.2,"Urban","https://www.kff.org/interactive/subsidy-calculator/#state=sd&zip=57701&income-type=dollars&income=500%2C000&people=1&alternate-plan-family=&adult-count=1&adults%5B0%5D%5Bage%5D=AGENUM&adults%5B0%5D%5Btobacco%5D=0&child-count=0",578,655,738,1031,1567
"81",507,"NASHVILLE","TN","37201",689447,11.6,11.1,19.4,18,11.7,10.8,9.5,5.2,2.6,"Urban","https://www.kff.org/interactive/subsidy-calculator/#state=tn&zip=37201&income-type=dollars&income=500%2C000&people=1&alternate-plan-family=&adult-count=1&adults%5B0%5D%5Bage%5D=AGENUM&adults%5B0%5D%5Btobacco%5D=0&child-count=0",430,488,549,768,1166
"82",508,"MEMPHIS","TN","38101",633104,13.3,13.3,15.8,14.3,11.7,11.7,11.3,5.9,2.9,"Urban","https://www.kff.org/interactive/subsidy-calculator/#state=tn&zip=38101&income-type=dollars&income=500%2C000&people=1&alternate-plan-family=&adult-count=1&adults%5B0%5D%5Bage%5D=AGENUM&adults%5B0%5D%5Btobacco%5D=0&child-count=0",378,429,483,675,1026
"83",524,"HOUSTON","TX","77002",2304580,13.2,13.1,16.3,16.5,12.6,11.1,9.4,5.2,2.6,"Urban","https://www.kff.org/interactive/subsidy-calculator/#state=tx&zip=77002&income-type=dollars&income=500%2C000&people=1&alternate-plan-family=&adult-count=1&adults%5B0%5D%5Bage%5D=AGENUM&adults%5B0%5D%5Btobacco%5D=0&child-count=0",342,389,438,612,929
"84",529,"SAN ANTONIO","TX","78205",1434625,12.6,14.1,15.9,14.4,12.1,11.8,10,6,3.1,"Urban","https://www.kff.org/interactive/subsidy-calculator/#state=tx&zip=78205&income-type=dollars&income=500%2C000&people=1&alternate-plan-family=&adult-count=1&adults%5B0%5D%5Bage%5D=AGENUM&adults%5B0%5D%5Btobacco%5D=0&child-count=0",383,434,489,683,1039
"85",531,"SALT LAKE CITY","UT","84101",199723,10.1,11.7,23.7,17.3,11.8,9.6,8.5,4.8,2.4,"Urban","https://www.kff.org/interactive/subsidy-calculator/#state=ut&zip=84101&income-type=dollars&income=500%2C000&people=1&alternate-plan-family=&adult-count=1&adults%5B0%5D%5Bage%5D=AGENUM&adults%5B0%5D%5Btobacco%5D=0&child-count=0",338,470,500,719,1014
"86",539,"WEST VALLEY CITY","UT","84081",140230,15.6,17,15.1,14.8,13.1,10.4,8,4.3,1.7,"Urban","https://www.kff.org/interactive/subsidy-calculator/#state=ut&zip=84081&income-type=dollars&income=500%2C000&people=1&alternate-plan-family=&adult-count=1&adults%5B0%5D%5Bage%5D=AGENUM&adults%5B0%5D%5Btobacco%5D=0&child-count=0",338,470,500,719,1014
"87",542,"VIRGINIA BEACH","VA","23452",459470,11.9,12.5,14.6,15,11.9,12.7,11.3,6.7,3.4,"Urban","https://www.kff.org/interactive/subsidy-calculator/#state=va&zip=23452&income-type=dollars&income=500%2C000&people=1&alternate-plan-family=&adult-count=1&adults%5B0%5D%5Bage%5D=AGENUM&adults%5B0%5D%5Btobacco%5D=0&child-count=0",289,328,369,516,785
"88",545,"CHESAPEAKE","VA","23320",249422,12.6,13.9,12.1,14.4,12.6,13.3,11.7,6.4,3,"Urban","https://www.kff.org/interactive/subsidy-calculator/#state=va&zip=23320&income-type=dollars&income=500%2C000&people=1&alternate-plan-family=&adult-count=1&adults%5B0%5D%5Bage%5D=AGENUM&adults%5B0%5D%5Btobacco%5D=0&child-count=0",289,328,369,516,785
"89",546,"SEATTLE","WA","98101",737015,8.4,8.6,21.1,21.2,12.9,10.7,9,5.5,2.7,"Urban","https://www.kff.org/interactive/subsidy-calculator/#state=wa&zip=98101&income-type=dollars&income=500%2C000&people=1&alternate-plan-family=&adult-count=1&adults%5B0%5D%5Bage%5D=AGENUM&adults%5B0%5D%5Btobacco%5D=0&child-count=0",336,382,430,601,913
"90",553,"SPOKANE","WA","99201",228989,11.8,11.8,15.8,15.1,11.4,11.6,11.7,7,3.7,"Urban","https://www.kff.org/interactive/subsidy-calculator/#state=wa&zip=99201&income-type=dollars&income=500%2C000&people=1&alternate-plan-family=&adult-count=1&adults%5B0%5D%5Bage%5D=AGENUM&adults%5B0%5D%5Btobacco%5D=0&child-count=0",320,363,409,571,868
"91",558,"CHARLESTON","WV","25301",48864,10.1,11.3,11.9,13,12.4,13,14.7,8.6,4.8,"Urban","https://www.kff.org/interactive/subsidy-calculator/#state=wv&zip=25301&income-type=dollars&income=500%2C000&people=1&alternate-plan-family=&adult-count=1&adults%5B0%5D%5Bage%5D=AGENUM&adults%5B0%5D%5Btobacco%5D=0&child-count=0",733,832,937,1310,1991
"92",561,"HUNTINGTON","WV","25704",46842,9.6,12.7,18.4,12.9,11.2,11,11.8,8,4.4,"Urban","https://www.kff.org/interactive/subsidy-calculator/#state=wv&zip=25704&income-type=dollars&income=500%2C000&people=1&alternate-plan-family=&adult-count=1&adults%5B0%5D%5Bage%5D=AGENUM&adults%5B0%5D%5Btobacco%5D=0&child-count=0",788,894,1006,1406,2137
"93",562,"MILWAUKEE","WI","53203",577222,13.7,15,17.7,14.7,11.2,10.9,9.6,4.7,2.5,"Urban","https://www.kff.org/interactive/subsidy-calculator/#state=wi&zip=53203&income-type=dollars&income=500%2C000&people=1&alternate-plan-family=&adult-count=1&adults%5B0%5D%5Bage%5D=AGENUM&adults%5B0%5D%5Btobacco%5D=0&child-count=0",360,409,460,643,977
"94",570,"MADISON","WI","53714",269840,9.6,11.8,24.7,16.1,10.2,9.5,9.3,5.7,3,"Urban","https://www.kff.org/interactive/subsidy-calculator/#state=wi&zip=53714&income-type=dollars&income=500%2C000&people=1&alternate-plan-family=&adult-count=1&adults%5B0%5D%5Bage%5D=AGENUM&adults%5B0%5D%5Btobacco%5D=0&child-count=0",338,383,432,603,917
"95",584,"CHEYENNE","WY","82009",65132,12.3,12.4,13.5,15.1,11.2,11.8,11.8,7.6,4.3,"Urban","https://www.kff.org/interactive/subsidy-calculator/#state=wy&zip=82009&income-type=dollars&income=500%2C000&people=1&alternate-plan-family=&adult-count=1&adults%5B0%5D%5Bage%5D=AGENUM&adults%5B0%5D%5Btobacco%5D=0&child-count=0",642,729,821,1147,1743
"96",587,"CASPER","WY","82601",59038,13.2,14,12.8,14.5,11.7,11.2,11.9,6.6,3.8,"Urban","https://www.kff.org/interactive/subsidy-calculator/#state=wy&zip=82601&income-type=dollars&income=500%2C000&people=1&alternate-plan-family=&adult-count=1&adults%5B0%5D%5Bage%5D=AGENUM&adults%5B0%5D%5Btobacco%5D=0&child-count=0",671,762,858,1198,1821
"97",110,"LAZY MOUNTAIN","AK","99645",1506,11,15.6,10.1,12.4,11.6,13,15.6,7.5,3.1,"Rural","https://www.kff.org/interactive/subsidy-calculator/#state=ak&zip=99645&income-type=dollars&income=500%2C000&people=1&alternate-plan-family=&adult-count=1&adults%5B0%5D%5Bage%5D=AGENUM&adults%5B0%5D%5Btobacco%5D=0&child-count=0",834,946,1065,1489,2262
"98",210,"HOUSTON","AK","99623",1975,12.7,14.2,8.3,14.5,12.1,15.9,14.7,6.5,1,"Rural","https://www.kff.org/interactive/subsidy-calculator/#state=ak&zip=99623&income-type=dollars&income=500%2C000&people=1&alternate-plan-family=&adult-count=1&adults%5B0%5D%5Bage%5D=AGENUM&adults%5B0%5D%5Btobacco%5D=0&child-count=0",834,946,1065,1489,2262
"99",310,"STEVENSON","AL","35772",1955,13.3,13.8,10.7,10.5,12.6,13.4,13,9,3.5,"Rural","https://www.kff.org/interactive/subsidy-calculator/#state=al&zip=35772&income-type=dollars&income=500%2C000&people=1&alternate-plan-family=&adult-count=1&adults%5B0%5D%5Bage%5D=AGENUM&adults%5B0%5D%5Btobacco%5D=0&child-count=0",403,457,514,719,1092
"100",410,"WARRIOR","AL","35180",3224,11.4,12.8,11.4,13.5,11.7,13.5,13.2,8.2,4.2,"Rural","https://www.kff.org/interactive/subsidy-calculator/#state=al&zip=35180&income-type=dollars&income=500%2C000&people=1&alternate-plan-family=&adult-count=1&adults%5B0%5D%5Bage%5D=AGENUM&adults%5B0%5D%5Btobacco%5D=0&child-count=0",430,488,549,768,1166
"101",510,"POTTSVILLE","AR","72858",3140,15.6,15.9,12.8,13.6,12.9,11.1,9.5,6.2,2.4,"Rural","https://www.kff.org/interactive/subsidy-calculator/#state=ar&zip=72858&income-type=dollars&income=500%2C000&people=1&alternate-plan-family=&adult-count=1&adults%5B0%5D%5Bage%5D=AGENUM&adults%5B0%5D%5Btobacco%5D=0&child-count=0",358,406,458,639,972
"102",6,"BALD KNOB","AR","72010",2522,11.4,14.7,11.6,11.1,12,13,12.6,9.6,3.8,"Rural","https://www.kff.org/interactive/subsidy-calculator/#state=ar&zip=72010&income-type=dollars&income=500%2C000&people=1&alternate-plan-family=&adult-count=1&adults%5B0%5D%5Bage%5D=AGENUM&adults%5B0%5D%5Btobacco%5D=0&child-count=0",358,406,458,639,972
"103",7,"HEBER-OVERGAARD","AZ","85928",2898,8.7,8.9,4.9,5.9,7,13,25.3,20.7,5.6,"Rural","https://www.kff.org/interactive/subsidy-calculator/#state=az&zip=85928&income-type=dollars&income=500%2C000&people=1&alternate-plan-family=&adult-count=1&adults%5B0%5D%5Bage%5D=AGENUM&adults%5B0%5D%5Btobacco%5D=0&child-count=0",555,630,709,991,1506
"104",810,"GILA BEND","AZ","85326",1892,17.7,17.7,11.8,10.5,11,12.3,11,5.5,2.7,"Rural","https://www.kff.org/interactive/subsidy-calculator/#state=az&zip=85326&income-type=dollars&income=500%2C000&people=1&alternate-plan-family=&adult-count=1&adults%5B0%5D%5Bage%5D=AGENUM&adults%5B0%5D%5Btobacco%5D=0&child-count=0",291,330,371,519,789
"105",9,"PARKSDALE","CA","93638",3234,18.4,20.5,14.1,12.5,11.7,9.6,7.4,4.1,1.7,"Rural","https://www.kff.org/interactive/subsidy-calculator/#state=ca&zip=93638&income-type=dollars&income=500%2C000&people=1&alternate-plan-family=&adult-count=1&adults%5B0%5D%5Bage%5D=AGENUM&adults%5B0%5D%5Btobacco%5D=0&child-count=0",386,438,493,689,1047
"106",103,"WILLOW CREEK","CA","95573",1720,10,11.6,8.2,13.3,9.6,12.9,19.5,11.3,3.8,"Rural","https://www.kff.org/interactive/subsidy-calculator/#state=ca&zip=95573&income-type=dollars&income=500%2C000&people=1&alternate-plan-family=&adult-count=1&adults%5B0%5D%5Bage%5D=AGENUM&adults%5B0%5D%5Btobacco%5D=0&child-count=0",599,679,765,1069,1625
"107",11,"ORCHARD CITY","CO","81410",3142,8.5,12.1,6.3,8.9,10.4,12.5,17.6,15.4,8.2,"Rural","https://www.kff.org/interactive/subsidy-calculator/#state=co&zip=81410&income-type=dollars&income=500%2C000&people=1&alternate-plan-family=&adult-count=1&adults%5B0%5D%5Bage%5D=AGENUM&adults%5B0%5D%5Btobacco%5D=0&child-count=0",406,461,519,725,1101
"108",12,"PLATTEVILLE","CO","80651",2955,13.2,17.4,12.4,14.9,13,12,9.5,5.3,2.2,"Rural","https://www.kff.org/interactive/subsidy-calculator/#state=co&zip=80651&income-type=dollars&income=500%2C000&people=1&alternate-plan-family=&adult-count=1&adults%5B0%5D%5Bage%5D=AGENUM&adults%5B0%5D%5Btobacco%5D=0&child-count=0",353,401,451,631,958
"109",13,"GEORGETOWN","CT","06829",1832,12.4,16.2,9.7,9.7,15.4,17.1,11,5.8,2.9,"Rural","https://www.kff.org/interactive/subsidy-calculator/#state=ct&zip=06829&income-type=dollars&income=500%2C000&people=1&alternate-plan-family=&adult-count=1&adults%5B0%5D%5Bage%5D=AGENUM&adults%5B0%5D%5Btobacco%5D=0&child-count=0",581,659,742,1037,1576
"110",14,"BALL POND","CT","06812",2189,9.2,13.3,11.1,9.6,13.7,19.6,12.3,7.8,3.5,"Rural","https://www.kff.org/interactive/subsidy-calculator/#state=ct&zip=06812&income-type=dollars&income=500%2C000&people=1&alternate-plan-family=&adult-count=1&adults%5B0%5D%5Bage%5D=AGENUM&adults%5B0%5D%5Btobacco%5D=0&child-count=0",581,659,742,1037,1576
"111",15,"TOWNSEND","DE","19734",2717,15.9,19.1,9.9,16.2,16.9,11.9,5.4,3.2,1.4,"Rural","https://www.kff.org/interactive/subsidy-calculator/#state=de&zip=19734&income-type=dollars&income=500%2C000&people=1&alternate-plan-family=&adult-count=1&adults%5B0%5D%5Bage%5D=AGENUM&adults%5B0%5D%5Btobacco%5D=0&child-count=0",418,474,534,746,1133
"112",16,"WYOMING","DE","19934",1680,14,15.6,14.2,16.3,11.9,11.2,9.6,5.1,2,"Rural","https://www.kff.org/interactive/subsidy-calculator/#state=de&zip=19934&income-type=dollars&income=500%2C000&people=1&alternate-plan-family=&adult-count=1&adults%5B0%5D%5Bage%5D=AGENUM&adults%5B0%5D%5Btobacco%5D=0&child-count=0",418,474,534,746,1133
"113",17,"WAHNETA","FL","33880",4409,17.2,16.9,14.2,12.8,12.1,11.8,8.2,4.4,2.3,"Rural","https://www.kff.org/interactive/subsidy-calculator/#state=fl&zip=33880&income-type=dollars&income=500%2C000&people=1&alternate-plan-family=&adult-count=1&adults%5B0%5D%5Bage%5D=AGENUM&adults%5B0%5D%5Btobacco%5D=0&child-count=0",400,454,511,714,1085
"114",18,"HARBOUR HEIGHTS","FL","33983",3428,7.3,9.5,7,9.2,9.3,12.4,21.3,16.8,7.3,"Rural","https://www.kff.org/interactive/subsidy-calculator/#state=fl&zip=33983&income-type=dollars&income=500%2C000&people=1&alternate-plan-family=&adult-count=1&adults%5B0%5D%5Bage%5D=AGENUM&adults%5B0%5D%5Btobacco%5D=0&child-count=0",418,475,535,747,1135
"115",19,"GUMLOG","GA","30553",2358,8.5,11.6,7.8,11,10.8,16.4,17.1,11.7,4.8,"Rural","https://www.kff.org/interactive/subsidy-calculator/#state=ga&zip=30553&income-type=dollars&income=500%2C000&people=1&alternate-plan-family=&adult-count=1&adults%5B0%5D%5Bage%5D=AGENUM&adults%5B0%5D%5Btobacco%5D=0&child-count=0",290,329,370,517,786
"116",20,"HEPHZIBAH","GA","30815",3830,11,13.3,10.5,12.3,10.9,15.5,14.5,8.7,3.2,"Rural","https://www.kff.org/interactive/subsidy-calculator/#state=ga&zip=30815&income-type=dollars&income=500%2C000&people=1&alternate-plan-family=&adult-count=1&adults%5B0%5D%5Bage%5D=AGENUM&adults%5B0%5D%5Btobacco%5D=0&child-count=0",404,459,517,722,1097
"117",21,"HANA","HI","96713",1526,13.5,15.3,12.5,9.3,12.5,9.4,11.6,10.3,5.4,"Rural","https://www.kff.org/interactive/subsidy-calculator/#state=hi&zip=96713&income-type=dollars&income=500%2C000&people=1&alternate-plan-family=&adult-count=1&adults%5B0%5D%5Bage%5D=AGENUM&adults%5B0%5D%5Btobacco%5D=0&child-count=0",386,438,493,689,1047
"118",22,"MAUNAWILI","HI","96734",2026,7.4,12,6.8,8.3,11.8,16.3,16.1,13.4,8.1,"Rural","https://www.kff.org/interactive/subsidy-calculator/#state=hi&zip=96734&income-type=dollars&income=500%2C000&people=1&alternate-plan-family=&adult-count=1&adults%5B0%5D%5Bage%5D=AGENUM&adults%5B0%5D%5Btobacco%5D=0&child-count=0",386,438,493,689,1047
"119",23,"ALBIA","IA","52531",3721,13.1,14.3,12.5,11.8,11.1,11.7,11.2,8.7,5.6,"Rural","https://www.kff.org/interactive/subsidy-calculator/#state=ia&zip=52531&income-type=dollars&income=500%2C000&people=1&alternate-plan-family=&adult-count=1&adults%5B0%5D%5Bage%5D=AGENUM&adults%5B0%5D%5Btobacco%5D=0&child-count=0",310,352,396,554,842
"120",24,"REMSEN","IA","51050",1678,11.8,14.4,9.6,11.8,9.8,11.2,12.8,10,8.8,"Rural","https://www.kff.org/interactive/subsidy-calculator/#state=ia&zip=51050&income-type=dollars&income=500%2C000&people=1&alternate-plan-family=&adult-count=1&adults%5B0%5D%5Bage%5D=AGENUM&adults%5B0%5D%5Btobacco%5D=0&child-count=0",345,391,440,616,935
"121",25,"ST. MARIES","ID","83861",2357,14.2,11.3,12.2,11.9,9.2,11.7,13.6,10.5,5.4,"Rural","https://www.kff.org/interactive/subsidy-calculator/#state=id&zip=83861&income-type=dollars&income=500%2C000&people=1&alternate-plan-family=&adult-count=1&adults%5B0%5D%5Bage%5D=AGENUM&adults%5B0%5D%5Btobacco%5D=0&child-count=0",324,368,414,578,879
"122",26,"OSBURN","ID","83849",1567,11.7,11.6,8.1,9.7,10.5,15,16.3,12.1,5.1,"Rural","https://www.kff.org/interactive/subsidy-calculator/#state=id&zip=83849&income-type=dollars&income=500%2C000&people=1&alternate-plan-family=&adult-count=1&adults%5B0%5D%5Bage%5D=AGENUM&adults%5B0%5D%5Btobacco%5D=0&child-count=0",324,368,414,578,879
"123",27,"ATHENS","IL","62613",1977,13.4,17.3,10.1,13.8,13.7,12,9.3,7.9,2.8,"Rural","https://www.kff.org/interactive/subsidy-calculator/#state=il&zip=62613&income-type=dollars&income=500%2C000&people=1&alternate-plan-family=&adult-count=1&adults%5B0%5D%5Bage%5D=AGENUM&adults%5B0%5D%5Btobacco%5D=0&child-count=0",509,578,650,909,1381
"124",281,"FORSYTH","IL","62535",3734,13,13.9,6.9,11.2,12.9,13.2,11.5,10.4,6.9,"Rural","https://www.kff.org/interactive/subsidy-calculator/#state=il&zip=62535&income-type=dollars&income=500%2C000&people=1&alternate-plan-family=&adult-count=1&adults%5B0%5D%5Bage%5D=AGENUM&adults%5B0%5D%5Btobacco%5D=0&child-count=0",509,578,650,909,1381
"125",291,"OAKLAND CITY","IN","47660",2279,12,16.4,15.6,11.9,10.6,10.3,10.8,7.5,5.2,"Rural","https://www.kff.org/interactive/subsidy-calculator/#state=in&zip=47660&income-type=dollars&income=500%2C000&people=1&alternate-plan-family=&adult-count=1&adults%5B0%5D%5Bage%5D=AGENUM&adults%5B0%5D%5Btobacco%5D=0&child-count=0",298,338,381,532,809
"126",301,"DELPHI","IN","46923",2961,12.8,13.8,12.1,13.1,11.3,12.6,12.4,7.7,4.2,"Rural","https://www.kff.org/interactive/subsidy-calculator/#state=in&zip=46923&income-type=dollars&income=500%2C000&people=1&alternate-plan-family=&adult-count=1&adults%5B0%5D%5Bage%5D=AGENUM&adults%5B0%5D%5Btobacco%5D=0&child-count=0",292,332,374,522,793
"127",311,"LAKIN","KS","67860",2205,15,15.8,12.4,13.8,10.9,10.8,11,5.3,5.1,"Rural","https://www.kff.org/interactive/subsidy-calculator/#state=ks&zip=67860&income-type=dollars&income=500%2C000&people=1&alternate-plan-family=&adult-count=1&adults%5B0%5D%5Bage%5D=AGENUM&adults%5B0%5D%5Btobacco%5D=0&child-count=0",588,668,752,1051,1597
"128",321,"WELLSVILLE","KS","66092",1953,14.4,14.6,10.9,14.4,10.4,12.4,9.8,6.3,6.7,"Rural","https://www.kff.org/interactive/subsidy-calculator/#state=ks&zip=66092&income-type=dollars&income=500%2C000&people=1&alternate-plan-family=&adult-count=1&adults%5B0%5D%5Bage%5D=AGENUM&adults%5B0%5D%5Btobacco%5D=0&child-count=0",391,443,499,698,1060
"129",33,"PEWEE VALLEY","KY","40056",1588,10.4,13.8,7.6,7.6,10.5,15.5,14.5,10.9,9.1,"Rural","https://www.kff.org/interactive/subsidy-calculator/#state=ky&zip=40056&income-type=dollars&income=500%2C000&people=1&alternate-plan-family=&adult-count=1&adults%5B0%5D%5Bage%5D=AGENUM&adults%5B0%5D%5Btobacco%5D=0&child-count=0",325,369,416,581,883
"130",34,"OLIVE HILL","KY","41164",1580,11.9,10.5,10.6,12.5,10.3,14.5,11.8,12.3,5.6,"Rural","https://www.kff.org/interactive/subsidy-calculator/#state=ky&zip=41164&income-type=dollars&income=500%2C000&people=1&alternate-plan-family=&adult-count=1&adults%5B0%5D%5Bage%5D=AGENUM&adults%5B0%5D%5Btobacco%5D=0&child-count=0",314,356,401,561,852
"131",35,"GREENWOOD","LA","71033",3166,10.4,10.6,9.4,12.4,11.6,14.6,17.3,10.4,3.2,"Rural","https://www.kff.org/interactive/subsidy-calculator/#state=la&zip=71033&income-type=dollars&income=500%2C000&people=1&alternate-plan-family=&adult-count=1&adults%5B0%5D%5Bage%5D=AGENUM&adults%5B0%5D%5Btobacco%5D=0&child-count=0",359,407,459,641,974
"132",36,"LAKE PROVIDENCE","LA","71254",3587,16.3,15.9,11.4,10.3,10.2,12.6,12.4,7.2,3.7,"Rural","https://www.kff.org/interactive/subsidy-calculator/#state=la&zip=71254&income-type=dollars&income=500%2C000&people=1&alternate-plan-family=&adult-count=1&adults%5B0%5D%5Bage%5D=AGENUM&adults%5B0%5D%5Btobacco%5D=0&child-count=0",502,569,641,896,1361
"133",37,"SHELBURNE FALLS","MA","01370",1719,6.4,8.9,6.7,11.5,11.8,15.2,20.4,13.9,5.3,"Rural","https://www.kff.org/interactive/subsidy-calculator/#state=ma&zip=01370&income-type=dollars&income=500%2C000&people=1&alternate-plan-family=&adult-count=1&adults%5B0%5D%5Bage%5D=AGENUM&adults%5B0%5D%5Btobacco%5D=0&child-count=0",490,533,577,721,979
"134",382,"NORTH PLYMOUTH","MA","02360",3983,10.1,10.8,12.5,15.4,13.4,13.9,13.1,6.8,4,"Rural","https://www.kff.org/interactive/subsidy-calculator/#state=ma&zip=02360&income-type=dollars&income=500%2C000&people=1&alternate-plan-family=&adult-count=1&adults%5B0%5D%5Bage%5D=AGENUM&adults%5B0%5D%5Btobacco%5D=0&child-count=0",368,400,433,542,736
"135",392,"MOUNTAIN LAKE PARK","MD","21550",2147,10.5,11.9,10.9,10.7,10.1,12.4,16.5,8.2,9,"Rural","https://www.kff.org/interactive/subsidy-calculator/#state=md&zip=21550&income-type=dollars&income=500%2C000&people=1&alternate-plan-family=&adult-count=1&adults%5B0%5D%5Bage%5D=AGENUM&adults%5B0%5D%5Btobacco%5D=0&child-count=0",286,324,365,511,776
"136",401,"PERRYVILLE","MD","21902",4391,10.9,13,10.6,12.8,12.3,15.5,13.9,7.5,3.3,"Rural","https://www.kff.org/interactive/subsidy-calculator/#state=md&zip=21902&income-type=dollars&income=500%2C000&people=1&alternate-plan-family=&adult-count=1&adults%5B0%5D%5Bage%5D=AGENUM&adults%5B0%5D%5Btobacco%5D=0&child-count=0",286,324,365,511,776
"137",41,"DUNSTAN","ME","04074",2083,10.1,12,10.3,11,10.6,18.7,13.6,9.5,4.1,"Rural","https://www.kff.org/interactive/subsidy-calculator/#state=me&zip=04074&income-type=dollars&income=500%2C000&people=1&alternate-plan-family=&adult-count=1&adults%5B0%5D%5Bage%5D=AGENUM&adults%5B0%5D%5Btobacco%5D=0&child-count=0",408,463,522,729,1108
"138",42,"MILO","ME","04463",1751,11.1,11.3,10.3,12.2,11.9,14.8,14.6,8.6,5.3,"Rural","https://www.kff.org/interactive/subsidy-calculator/#state=me&zip=04463&income-type=dollars&income=500%2C000&people=1&alternate-plan-family=&adult-count=1&adults%5B0%5D%5Bage%5D=AGENUM&adults%5B0%5D%5Btobacco%5D=0&child-count=0",434,492,554,775,1177
"139",43,"IRON RIVER","MI","49935",3007,11.8,12.3,10.4,11.4,10.5,11.7,15.2,10.5,6.4,"Rural","https://www.kff.org/interactive/subsidy-calculator/#state=mi&zip=49935&income-type=dollars&income=500%2C000&people=1&alternate-plan-family=&adult-count=1&adults%5B0%5D%5Bage%5D=AGENUM&adults%5B0%5D%5Btobacco%5D=0&child-count=0",586,665,749,1047,1591
"140",44,"CAPAC","MI","48014",1983,13.3,15.1,12.7,13.1,11.5,14,12,5.8,2.7,"Rural","https://www.kff.org/interactive/subsidy-calculator/#state=mi&zip=48014&income-type=dollars&income=500%2C000&people=1&alternate-plan-family=&adult-count=1&adults%5B0%5D%5Bage%5D=AGENUM&adults%5B0%5D%5Btobacco%5D=0&child-count=0",271,307,346,483,734
"141",45,"MAPLE LAKE","MN","55358",2159,13.4,14.9,13.2,14.1,11.8,14.1,9.8,4.6,4,"Rural","https://www.kff.org/interactive/subsidy-calculator/#state=mn&zip=55358&income-type=dollars&income=500%2C000&people=1&alternate-plan-family=&adult-count=1&adults%5B0%5D%5Bage%5D=AGENUM&adults%5B0%5D%5Btobacco%5D=0&child-count=0",255,289,326,455,692
"142",46,"PAYNESVILLE","MN","56362",2388,12.4,12.2,12.5,12.5,9.5,11.1,10.9,10.6,8.4,"Rural","https://www.kff.org/interactive/subsidy-calculator/#state=mn&zip=56362&income-type=dollars&income=500%2C000&people=1&alternate-plan-family=&adult-count=1&adults%5B0%5D%5Bage%5D=AGENUM&adults%5B0%5D%5Btobacco%5D=0&child-count=0",334,379,427,596,906
"143",47,"TIPTON","MO","65081",2920,9.5,11.2,13.1,18.1,13.8,12.3,11.6,5.5,4.9,"Rural","https://www.kff.org/interactive/subsidy-calculator/#state=mo&zip=65081&income-type=dollars&income=500%2C000&people=1&alternate-plan-family=&adult-count=1&adults%5B0%5D%5Bage%5D=AGENUM&adults%5B0%5D%5Btobacco%5D=0&child-count=0",453,514,579,809,1229
"144",481,"LAWSON","MO","64062",2541,14.2,17.2,11.4,13.3,11.8,10.8,10,6.9,4.6,"Rural","https://www.kff.org/interactive/subsidy-calculator/#state=mo&zip=64062&income-type=dollars&income=500%2C000&people=1&alternate-plan-family=&adult-count=1&adults%5B0%5D%5Bage%5D=AGENUM&adults%5B0%5D%5Btobacco%5D=0&child-count=0",458,520,586,818,1243
"145",492,"MOUND BAYOU","MS","38762",1534,14.1,15.7,12.4,13.3,9.9,11.7,12.5,7.7,2.6,"Rural","https://www.kff.org/interactive/subsidy-calculator/#state=ms&zip=38762&income-type=dollars&income=500%2C000&people=1&alternate-plan-family=&adult-count=1&adults%5B0%5D%5Bage%5D=AGENUM&adults%5B0%5D%5Btobacco%5D=0&child-count=0",375,426,479,670,1018
"146",50,"SARDIS","MS","38666",1748,13.5,12.2,11,10.4,11.2,12.2,15.3,8.6,5.6,"Rural","https://www.kff.org/interactive/subsidy-calculator/#state=ms&zip=38666&income-type=dollars&income=500%2C000&people=1&alternate-plan-family=&adult-count=1&adults%5B0%5D%5Bage%5D=AGENUM&adults%5B0%5D%5Btobacco%5D=0&child-count=0",375,426,479,670,1018
"147",511,"FORT BELKNAP AGENCY","MT","59526",1567,19.5,20.1,13.8,12.7,10,9.7,9.2,4.2,0.9,"Rural","https://www.kff.org/interactive/subsidy-calculator/#state=mt&zip=59526&income-type=dollars&income=500%2C000&people=1&alternate-plan-family=&adult-count=1&adults%5B0%5D%5Bage%5D=AGENUM&adults%5B0%5D%5Btobacco%5D=0&child-count=0",472,536,604,844,1282
"148",522,"CHOTEAU","MT","59422",1721,12.7,10.3,8.6,10,10.4,12,16.2,12.6,7,"Rural","https://www.kff.org/interactive/subsidy-calculator/#state=mt&zip=59422&income-type=dollars&income=500%2C000&people=1&alternate-plan-family=&adult-count=1&adults%5B0%5D%5Bage%5D=AGENUM&adults%5B0%5D%5Btobacco%5D=0&child-count=0",505,574,646,903,1372
"149",533,"CHADBOURN","NC","28431",1574,12,14.3,12.2,9.5,11,12.8,15.4,8.6,4.3,"Rural","https://www.kff.org/interactive/subsidy-calculator/#state=nc&zip=28431&income-type=dollars&income=500%2C000&people=1&alternate-plan-family=&adult-count=1&adults%5B0%5D%5Bage%5D=AGENUM&adults%5B0%5D%5Btobacco%5D=0&child-count=0",433,491,553,773,1175
"150",544,"FRUITLAND","NC","28792",2257,9.4,10.3,10,10.5,12.1,16.1,15.2,11.6,4.8,"Rural","https://www.kff.org/interactive/subsidy-calculator/#state=nc&zip=28792&income-type=dollars&income=500%2C000&people=1&alternate-plan-family=&adult-count=1&adults%5B0%5D%5Bage%5D=AGENUM&adults%5B0%5D%5Btobacco%5D=0&child-count=0",434,493,555,776,1179
"151",55,"RUGBY","ND","58368",2509,10,11.1,9.6,11.2,11.6,12.4,14.4,10.6,9,"Rural","https://www.kff.org/interactive/subsidy-calculator/#state=nd&zip=58368&income-type=dollars&income=500%2C000&people=1&alternate-plan-family=&adult-count=1&adults%5B0%5D%5Bage%5D=AGENUM&adults%5B0%5D%5Btobacco%5D=0&child-count=0",429,486,548,765,1163
"152",56,"TIOGA","ND","58852",2202,13.7,12.2,15.3,16.3,11.5,13.6,8.8,4.9,3.8,"Rural","https://www.kff.org/interactive/subsidy-calculator/#state=nd&zip=58852&income-type=dollars&income=500%2C000&people=1&alternate-plan-family=&adult-count=1&adults%5B0%5D%5Bage%5D=AGENUM&adults%5B0%5D%5Btobacco%5D=0&child-count=0",459,521,587,820,1246
"153",57,"SYRACUSE","NE","68446",1941,13.3,13,8.1,12.2,11,11.2,12.2,9.8,9.2,"Rural","https://www.kff.org/interactive/subsidy-calculator/#state=ne&zip=68446&income-type=dollars&income=500%2C000&people=1&alternate-plan-family=&adult-count=1&adults%5B0%5D%5Bage%5D=AGENUM&adults%5B0%5D%5Btobacco%5D=0&child-count=0",459,520,586,819,1244
"154",58,"MINDEN","NE","68959",3118,14.1,13.7,11.5,12.7,11.4,11.1,11.5,8.3,5.8,"Rural","https://www.kff.org/interactive/subsidy-calculator/#state=ne&zip=68959&income-type=dollars&income=500%2C000&people=1&alternate-plan-family=&adult-count=1&adults%5B0%5D%5Bage%5D=AGENUM&adults%5B0%5D%5Btobacco%5D=0&child-count=0",481,546,615,859,1306
"155",59,"GORHAM","NH","03581",1851,8.5,9.3,9.1,8.4,13,14.6,20.2,11.4,5.4,"Rural","https://www.kff.org/interactive/subsidy-calculator/#state=nh&zip=03581&income-type=dollars&income=500%2C000&people=1&alternate-plan-family=&adult-count=1&adults%5B0%5D%5Bage%5D=AGENUM&adults%5B0%5D%5Btobacco%5D=0&child-count=0",257,291,328,458,696
"156",60,"FARMINGTON","NH","03835",3824,10.6,10.6,13.5,13.3,12.2,15.1,13.7,8,2.9,"Rural","https://www.kff.org/interactive/subsidy-calculator/#state=nh&zip=03835&income-type=dollars&income=500%2C000&people=1&alternate-plan-family=&adult-count=1&adults%5B0%5D%5Bage%5D=AGENUM&adults%5B0%5D%5Btobacco%5D=0&child-count=0",254,288,324,453,689
"157",61,"RUTGERS UNIVERSITY-LIVINGSTON CAMPUS","NJ","08901",3545,0.2,44.1,55.1,0.2,0.2,0.1,0.1,0,0,"Rural","https://www.kff.org/interactive/subsidy-calculator/#state=nj&zip=08901&income-type=dollars&income=500%2C000&people=1&alternate-plan-family=&adult-count=1&adults%5B0%5D%5Bage%5D=AGENUM&adults%5B0%5D%5Btobacco%5D=0&child-count=0",382,433,488,682,1036
"158",62,"LAKEHURST","NJ","08733",2636,12.5,12.6,14.9,13.9,13.3,14.9,10.8,4.8,2.2,"Rural","https://www.kff.org/interactive/subsidy-calculator/#state=nj&zip=08733&income-type=dollars&income=500%2C000&people=1&alternate-plan-family=&adult-count=1&adults%5B0%5D%5Bage%5D=AGENUM&adults%5B0%5D%5Btobacco%5D=0&child-count=0",382,433,488,682,1036
"159",631,"DULCE","NM","87528",2788,15.5,18.6,13.5,14.1,10.6,13.3,8.6,4.3,1.5,"Rural","https://www.kff.org/interactive/subsidy-calculator/#state=nm&zip=87528&income-type=dollars&income=500%2C000&people=1&alternate-plan-family=&adult-count=1&adults%5B0%5D%5Bage%5D=AGENUM&adults%5B0%5D%5Btobacco%5D=0&child-count=0",467,530,597,834,1268
"160",64,"MILAN","NM","87021",2456,10.2,13,14.7,19.7,13.1,10.9,10.1,5.8,2.4,"Rural","https://www.kff.org/interactive/subsidy-calculator/#state=nm&zip=87021&income-type=dollars&income=500%2C000&people=1&alternate-plan-family=&adult-count=1&adults%5B0%5D%5Bage%5D=AGENUM&adults%5B0%5D%5Btobacco%5D=0&child-count=0",467,530,597,834,1268
"161",651,"CARLIN","NV","89822",2050,13.4,11.1,14.1,14,11.6,15.6,12.9,4.6,2.7,"Rural","https://www.kff.org/interactive/subsidy-calculator/#state=nv&zip=89822&income-type=dollars&income=500%2C000&people=1&alternate-plan-family=&adult-count=1&adults%5B0%5D%5Bage%5D=AGENUM&adults%5B0%5D%5Btobacco%5D=0&child-count=0",522,592,667,932,1416
"162",661,"WASHOE VALLEY","NV","89704",3074,7.7,9.4,6.5,9.4,10.3,16,22.4,13.8,4.5,"Rural","https://www.kff.org/interactive/subsidy-calculator/#state=nv&zip=89704&income-type=dollars&income=500%2C000&people=1&alternate-plan-family=&adult-count=1&adults%5B0%5D%5Bage%5D=AGENUM&adults%5B0%5D%5Btobacco%5D=0&child-count=0",375,425,479,669,1016
"163",69,"MCCOMB","OH","45858",1558,15.5,14.6,12.9,11.6,12.8,10.9,11.7,7.4,2.7,"Rural","https://www.kff.org/interactive/subsidy-calculator/#state=oh&zip=45858&income-type=dollars&income=500%2C000&people=1&alternate-plan-family=&adult-count=1&adults%5B0%5D%5Bage%5D=AGENUM&adults%5B0%5D%5Btobacco%5D=0&child-count=0",349,396,446,623,947
"164",70,"BLUFFTON","OH","45817",3967,10,16.9,15.8,9.6,9.9,10.4,11.3,7.9,8.2,"Rural","https://www.kff.org/interactive/subsidy-calculator/#state=oh&zip=45817&income-type=dollars&income=500%2C000&people=1&alternate-plan-family=&adult-count=1&adults%5B0%5D%5Bage%5D=AGENUM&adults%5B0%5D%5Btobacco%5D=0&child-count=0",349,396,446,623,947
"165",71,"CHELSEA","OK","74016",1991,13.1,15.6,14.2,12.4,11.2,11.3,11.7,6,4.5,"Rural","https://www.kff.org/interactive/subsidy-calculator/#state=ok&zip=74016&income-type=dollars&income=500%2C000&people=1&alternate-plan-family=&adult-count=1&adults%5B0%5D%5Bage%5D=AGENUM&adults%5B0%5D%5Btobacco%5D=0&child-count=0",462,525,591,826,1255
"166",72,"KIEFER","OK","74041",2187,16.3,15,11.9,16,12.4,11,10.4,4.4,2.6,"Rural","https://www.kff.org/interactive/subsidy-calculator/#state=ok&zip=74041&income-type=dollars&income=500%2C000&people=1&alternate-plan-family=&adult-count=1&adults%5B0%5D%5Bage%5D=AGENUM&adults%5B0%5D%5Btobacco%5D=0&child-count=0",363,412,464,648,985
"167",73,"ENTERPRISE","OR","97828",2052,12.6,11.8,7,13.8,11,11.8,16,10.2,5.9,"Rural","https://www.kff.org/interactive/subsidy-calculator/#state=or&zip=97828&income-type=dollars&income=500%2C000&people=1&alternate-plan-family=&adult-count=1&adults%5B0%5D%5Bage%5D=AGENUM&adults%5B0%5D%5Btobacco%5D=0&child-count=0",486,552,621,868,1319
"168",741,"HUBBARD","OR","97032",3426,15.4,17.3,12.7,15,14,11.3,8.6,4,1.7,"Rural","https://www.kff.org/interactive/subsidy-calculator/#state=or&zip=97032&income-type=dollars&income=500%2C000&people=1&alternate-plan-family=&adult-count=1&adults%5B0%5D%5Bage%5D=AGENUM&adults%5B0%5D%5Btobacco%5D=0&child-count=0",365,414,466,652,990
"169",751,"WARMINSTER HEIGHTS","PA","18974",4010,12.9,11.6,15,15.4,11,12.7,12.2,5.5,3.6,"Rural","https://www.kff.org/interactive/subsidy-calculator/#state=pa&zip=18974&income-type=dollars&income=500%2C000&people=1&alternate-plan-family=&adult-count=1&adults%5B0%5D%5Bage%5D=AGENUM&adults%5B0%5D%5Btobacco%5D=0&child-count=0",284,323,363,508,772
"170",76,"STORMSTOWN","PA","16870",2468,12.1,15.9,7.5,11.4,14.8,17.1,14.8,5.1,1.3,"Rural","https://www.kff.org/interactive/subsidy-calculator/#state=pa&zip=16870&income-type=dollars&income=500%2C000&people=1&alternate-plan-family=&adult-count=1&adults%5B0%5D%5Bage%5D=AGENUM&adults%5B0%5D%5Btobacco%5D=0&child-count=0",423,481,541,756,1149
"171",77,"ASHAWAY","RI","02804",1501,12.1,11.6,10.3,12.8,10.2,17,13.8,8.7,3.8,"Rural","https://www.kff.org/interactive/subsidy-calculator/#state=ri&zip=02804&income-type=dollars&income=500%2C000&people=1&alternate-plan-family=&adult-count=1&adults%5B0%5D%5Bage%5D=AGENUM&adults%5B0%5D%5Btobacco%5D=0&child-count=0",332,377,425,594,902
"172",78,"HARRISVILLE","RI","02830",1745,10.1,11.7,11.2,11.6,11.8,15.1,15.1,8.4,4.8,"Rural","https://www.kff.org/interactive/subsidy-calculator/#state=ri&zip=02830&income-type=dollars&income=500%2C000&people=1&alternate-plan-family=&adult-count=1&adults%5B0%5D%5Bage%5D=AGENUM&adults%5B0%5D%5Btobacco%5D=0&child-count=0",332,377,425,594,902
"173",791,"ROEBUCK","SC","29369",2357,12.3,12.7,12.3,12.4,12.4,12.6,12.7,9.2,3.4,"Rural","https://www.kff.org/interactive/subsidy-calculator/#state=sc&zip=29369&income-type=dollars&income=500%2C000&people=1&alternate-plan-family=&adult-count=1&adults%5B0%5D%5Bage%5D=AGENUM&adults%5B0%5D%5Btobacco%5D=0&child-count=0",413,468,527,737,1120
"174",80,"GASTON","SC","29053",1608,12.6,15.2,11.8,13.1,11.7,14.2,13,6.1,2.5,"Rural","https://www.kff.org/interactive/subsidy-calculator/#state=sc&zip=29053&income-type=dollars&income=500%2C000&people=1&alternate-plan-family=&adult-count=1&adults%5B0%5D%5Bage%5D=AGENUM&adults%5B0%5D%5Btobacco%5D=0&child-count=0",350,398,448,626,951
"175",811,"PINE RIDGE","SD","57770",3138,16.2,23.4,13.5,13.2,10.3,10.8,8.1,3.3,1.3,"Rural","https://www.kff.org/interactive/subsidy-calculator/#state=sd&zip=57770&income-type=dollars&income=500%2C000&people=1&alternate-plan-family=&adult-count=1&adults%5B0%5D%5Bage%5D=AGENUM&adults%5B0%5D%5Btobacco%5D=0&child-count=0",578,655,738,1031,1567
"176",821,"BERESFORD","SD","57004",2180,14.4,14.4,10.2,12.6,10.6,12,11.7,8.9,5.1,"Rural","https://www.kff.org/interactive/subsidy-calculator/#state=sd&zip=57004&income-type=dollars&income=500%2C000&people=1&alternate-plan-family=&adult-count=1&adults%5B0%5D%5Bage%5D=AGENUM&adults%5B0%5D%5Btobacco%5D=0&child-count=0",481,546,614,859,1305
"177",831,"RURAL HILL","TN","37076",2047,9.4,10.7,8.1,9.2,11.8,17.8,19.6,10.5,3,"Rural","https://www.kff.org/interactive/subsidy-calculator/#state=tn&zip=37076&income-type=dollars&income=500%2C000&people=1&alternate-plan-family=&adult-count=1&adults%5B0%5D%5Bage%5D=AGENUM&adults%5B0%5D%5Btobacco%5D=0&child-count=0",430,488,549,768,1166
"178",84,"NEW UNION","TN","37355",1646,11.3,14.5,8.8,12.6,14.3,13.1,11.6,10.1,3.7,"Rural","https://www.kff.org/interactive/subsidy-calculator/#state=tn&zip=37355&income-type=dollars&income=500%2C000&people=1&alternate-plan-family=&adult-count=1&adults%5B0%5D%5Bage%5D=AGENUM&adults%5B0%5D%5Btobacco%5D=0&child-count=0",455,516,581,812,1234
"179",851,"ALBANY","TX","76430",1854,12.4,14.7,9.9,10.3,10.7,11.6,15,9.8,5.4,"Rural","https://www.kff.org/interactive/subsidy-calculator/#state=tx&zip=76430&income-type=dollars&income=500%2C000&people=1&alternate-plan-family=&adult-count=1&adults%5B0%5D%5Bage%5D=AGENUM&adults%5B0%5D%5Btobacco%5D=0&child-count=0",525,595,670,937,1424
"180",86,"DIBOLL","TX","75941",4457,12.4,14.8,12.4,13.9,14.1,12,10.5,6.5,3.5,"Rural","https://www.kff.org/interactive/subsidy-calculator/#state=tx&zip=75941&income-type=dollars&income=500%2C000&people=1&alternate-plan-family=&adult-count=1&adults%5B0%5D%5Bage%5D=AGENUM&adults%5B0%5D%5Btobacco%5D=0&child-count=0",421,478,538,752,1143
"181",871,"WELLINGTON","UT","84542",1605,13.3,15.7,14.4,11.4,12.2,10,12.4,6.9,3.6,"Rural","https://www.kff.org/interactive/subsidy-calculator/#state=ut&zip=84542&income-type=dollars&income=500%2C000&people=1&alternate-plan-family=&adult-count=1&adults%5B0%5D%5Bage%5D=AGENUM&adults%5B0%5D%5Btobacco%5D=0&child-count=0",515,716,762,1096,1546
"182",88,"FRANCIS","UT","84036",1564,16.8,18,9.6,14.2,15.6,11.5,8,4.7,1.4,"Rural","https://www.kff.org/interactive/subsidy-calculator/#state=ut&zip=84036&income-type=dollars&income=500%2C000&people=1&alternate-plan-family=&adult-count=1&adults%5B0%5D%5Bage%5D=AGENUM&adults%5B0%5D%5Btobacco%5D=0&child-count=0",338,470,500,720,1015
"183",891,"SHENANDOAH FARMS","VA","22630",4135,13.7,11.9,11.2,15.6,13.9,16.1,11.6,4.6,1.4,"Rural","https://www.kff.org/interactive/subsidy-calculator/#state=va&zip=22630&income-type=dollars&income=500%2C000&people=1&alternate-plan-family=&adult-count=1&adults%5B0%5D%5Bage%5D=AGENUM&adults%5B0%5D%5Btobacco%5D=0&child-count=0",279,317,356,498,757
"184",90,"HORSE PASTURE","VA","24112",2058,7.7,10.7,7.4,12.4,11.7,16.2,15.1,11.9,7,"Rural","https://www.kff.org/interactive/subsidy-calculator/#state=va&zip=24112&income-type=dollars&income=500%2C000&people=1&alternate-plan-family=&adult-count=1&adults%5B0%5D%5Bage%5D=AGENUM&adults%5B0%5D%5Btobacco%5D=0&child-count=0",309,351,395,552,839
"185",93,"PEACEFUL VALLEY","WA","98266",3015,14,12.3,12.6,14.8,11.9,14.1,13.2,5.4,1.6,"Rural","https://www.kff.org/interactive/subsidy-calculator/#state=wa&zip=98266&income-type=dollars&income=500%2C000&people=1&alternate-plan-family=&adult-count=1&adults%5B0%5D%5Bage%5D=AGENUM&adults%5B0%5D%5Btobacco%5D=0&child-count=0",346,393,442,618,939
"186",94,"CASCADE VALLEY","WA","98837",4332,14.9,16.2,10.5,12.7,12.4,11.7,12,6.8,2.9,"Rural","https://www.kff.org/interactive/subsidy-calculator/#state=wa&zip=98837&income-type=dollars&income=500%2C000&people=1&alternate-plan-family=&adult-count=1&adults%5B0%5D%5Bage%5D=AGENUM&adults%5B0%5D%5Btobacco%5D=0&child-count=0",377,428,482,673,1023
"187",951,"CRANDON","WI","54520",1713,12.7,11.6,11.9,10.8,9.7,13.9,15.1,9,5.2,"Rural","https://www.kff.org/interactive/subsidy-calculator/#state=wi&zip=54520&income-type=dollars&income=500%2C000&people=1&alternate-plan-family=&adult-count=1&adults%5B0%5D%5Bage%5D=AGENUM&adults%5B0%5D%5Btobacco%5D=0&child-count=0",451,512,576,805,1224
"188",961,"MAINE","WI","54401",2613,10.1,11.9,9.5,11.5,12.1,15.6,16.3,9.6,3.6,"Rural","https://www.kff.org/interactive/subsidy-calculator/#state=wi&zip=54401&income-type=dollars&income=500%2C000&people=1&alternate-plan-family=&adult-count=1&adults%5B0%5D%5Bage%5D=AGENUM&adults%5B0%5D%5Btobacco%5D=0&child-count=0",420,477,537,750,1139
"189",971,"MADISON","WV","25130",2913,10,13,10,11.8,12.9,12.2,16.8,9,4.5,"Rural","https://www.kff.org/interactive/subsidy-calculator/#state=wv&zip=25130&income-type=dollars&income=500%2C000&people=1&alternate-plan-family=&adult-count=1&adults%5B0%5D%5Bage%5D=AGENUM&adults%5B0%5D%5Btobacco%5D=0&child-count=0",733,832,937,1310,1991
"190",981,"WELCH","WV","24801",3590,4.6,5.8,15,27.1,19.7,12.4,9.2,4,2.2,"Rural","https://www.kff.org/interactive/subsidy-calculator/#state=wv&zip=24801&income-type=dollars&income=500%2C000&people=1&alternate-plan-family=&adult-count=1&adults%5B0%5D%5Bage%5D=AGENUM&adults%5B0%5D%5Btobacco%5D=0&child-count=0",733,832,937,1310,1991
"191",99,"LYMAN","WY","82937",2135,19.2,15.6,10.8,14.7,11.2,8.7,13.1,4.7,1.9,"Rural","https://www.kff.org/interactive/subsidy-calculator/#state=wy&zip=82937&income-type=dollars&income=500%2C000&people=1&alternate-plan-family=&adult-count=1&adults%5B0%5D%5Bage%5D=AGENUM&adults%5B0%5D%5Btobacco%5D=0&child-count=0",690,783,882,1233,1873
"192",1001,"FORT WASHAKIE","WY","82514",1650,19,19.7,13.5,12.5,10.1,9.6,7.4,5,3.1,"Rural","https://www.kff.org/interactive/subsidy-calculator/#state=wy&zip=82514&income-type=dollars&income=500%2C000&people=1&alternate-plan-family=&adult-count=1&adults%5B0%5D%5Bage%5D=AGENUM&adults%5B0%5D%5Btobacco%5D=0&child-count=0",690,783,882,1233,1873
"193",317,"NEW YORK","NY","10001",8804190,10.8,11.3,16,16.2,12.5,12.4,10.6,6.5,3.7,"Urban","https://www.kff.org/interactive/subsidy-calculator/#state=ny&zip=10001&income-type=dollars&income=500%2C000&people=1&alternate-plan-family=individual&adult-count=1&adults%5B0%5D%5Bage%5D=AGENUM&adults%5B0%5D%5Btobacco%5D=0&child-count=0",880,880,880,880,880
"194",354,"BUFFALO","NY","14225",278349,12.9,13.6,17.8,14.8,10.5,11.6,10.9,5.2,2.7,"Urban","https://www.kff.org/interactive/subsidy-calculator/#state=ny&zip=14225&income-type=dollars&income=500%2C000&people=1&alternate-plan-family=individual&adult-count=1&adults%5B0%5D%5Bage%5D=AGENUM&adults%5B0%5D%5Btobacco%5D=0&child-count=0",560,560,560,560,560
"195",540,"BURLINGTON","VT","05401",44743,7,15.8,31.4,12.9,8.2,8.6,8.4,5.1,2.6,"Urban","https://www.kff.org/interactive/subsidy-calculator/#state=vt&zip=05401&income-type=dollars&income=500%2C000&people=1&alternate-plan-family=individual&adult-count=1&adults%5B0%5D%5Bage%5D=AGENUM&adults%5B0%5D%5Btobacco%5D=0&child-count=0",1277,1277,1277,1277,1277
"196",NA,"BENNINGTON","VT","05201",8795,10.7,11.2,10.5,12.7,10.7,14.2,14.2,9.8,6.2,"Urban","https://www.kff.org/interactive/subsidy-calculator/#state=vt&zip=05201&income-type=dollars&income=500%2C000&people=1&alternate-plan-family=individual&adult-count=1&adults%5B0%5D%5Bage%5D=AGENUM&adults%5B0%5D%5Btobacco%5D=0&child-count=0",1277,1277,1277,1277,1277
"197",541,"SOUTH BURLINGTON","VT","05401",20292,9.8,9.8,14.3,15.2,12.4,12.8,12.1,8.1,5.5,"Urban","https://www.kff.org/interactive/subsidy-calculator/#state=vt&zip=05401&income-type=dollars&income=500%2C000&people=1&alternate-plan-family=individual&adult-count=1&adults%5B0%5D%5Bage%5D=AGENUM&adults%5B0%5D%5Btobacco%5D=0&child-count=0",1277,1277,1277,1277,1277
"198",67,"DOLGEVILLE","NY","13329",2042,11.4,13.6,9.3,12.1,12.4,10.1,16.2,9.1,5.7,"Rural","https://www.kff.org/interactive/subsidy-calculator/#state=ny&zip=13329&income-type=dollars&income=500%2C000&people=1&alternate-plan-family=individual&adult-count=1&adults%5B0%5D%5Bage%5D=AGENUM&adults%5B0%5D%5Btobacco%5D=0&child-count=0",661,661,661,661,661
"199",68,"PALMYRA","NY","14522",3305,10.6,12.8,13.3,12.7,12.4,12.9,14.3,8,3.1,"Rural","https://www.kff.org/interactive/subsidy-calculator/#state=ny&zip=14522&income-type=dollars&income=500%2C000&people=1&alternate-plan-family=individual&adult-count=1&adults%5B0%5D%5Bage%5D=AGENUM&adults%5B0%5D%5Btobacco%5D=0&child-count=0",690,690,690,690,690
"200",91,"MILTON","VT","05446",3804,10.7,12.9,11.7,13.7,11.9,15.7,13.6,7.2,2.5,"Rural","https://www.kff.org/interactive/subsidy-calculator/#state=vt&zip=05446&income-type=dollars&income=500%2C000&people=1&alternate-plan-family=individual&adult-count=1&adults%5B0%5D%5Bage%5D=AGENUM&adults%5B0%5D%5Btobacco%5D=0&child-count=0",1277,1277,1277,1277,1277
"201",921,"PROCTOR","VT","05765",1565,10.6,12,10.5,12.3,12,14.7,15.8,8.8,3.3,"Rural","https://www.kff.org/interactive/subsidy-calculator/#state=vt&zip=05765&income-type=dollars&income=500%2C000&people=1&alternate-plan-family=individual&adult-count=1&adults%5B0%5D%5Bage%5D=AGENUM&adults%5B0%5D%5Btobacco%5D=0&child-count=0",1277,1277,1277,1277,1277
"202",181,"LOUISVILLE/JEFFERSON COUNTY METRO GOVERNMENT (BALANCE)","KY","66547",386884,12.2,12.9,12.3,13.1,12.8,13.2,12.1,7.3,3.8,"Urban","https://www.kff.org/interactive/subsidy-calculator/#state=ks&zip=66547&locale=Pottawatomie&income-type=dollars&income=500%2C000&people=1&alternate-plan-family=&adult-count=1&adults%5B0%5D%5Bage%5D=64&adults%5B0%5D%5Btobacco%5D=0&child-count=0",1300,1300,1300,1300,1300
