"","CITY","STATE","PHYSICAL ZIP","POP","age0s","age10s","age20s","age30s","age40s","age50s","age60s","age70s","age80plus","type"
"1","WASHINGTON",NA,NA,689545,10.2,9.1,21.4,20.4,11.4,10,8.9,5.5,2.9,"Urban"
"2","SAN JUAN ZONA",NA,NA,322854,7.9,10.3,13,12.6,12.7,13.8,13.5,9.8,6.4,"Urban"
"3","HUNTSVILLE","AL","35801",215006,11.1,12.2,17,13.7,10.9,12.7,11.1,7,4.5,"Urban"
"4","HUNTSVILLE","AL","35805",215006,11.1,12.2,17,13.7,10.9,12.7,11.1,7,4.5,"Urban"
"5","HUNTSVILLE","AL","35813",215006,11.1,12.2,17,13.7,10.9,12.7,11.1,7,4.5,"Urban"
"8","HUNTSVILLE","AL","35816",215006,11.1,12.2,17,13.7,10.9,12.7,11.1,7,4.5,"Urban"
"10","BIRMINGHAM","AL","35203",200733,10.9,10.9,18,14.1,10.6,12,13.1,6.9,3.6,"Urban"
"28","BIRMINGHAM","AL","35229",200733,10.9,10.9,18,14.1,10.6,12,13.1,6.9,3.6,"Urban"
"29","ANCHORAGE","AK",NA,291247,13,13,15.3,15.6,12,12.4,11,5.4,2,"Urban"
"30","FAIRBANKS","AK","99709",32515,14.5,11.8,27.3,15,8.6,8.3,7.9,4.3,2.4,"Urban"
"31","PHOENIX","AZ",NA,1608139,13.2,14.7,15.2,14.9,12.8,12.1,9.5,5.3,2.3,"Urban"
"32","TUCSON","AZ","85726",542629,10.8,12.7,17.4,13.8,11,11.5,11.6,7.3,3.8,"Urban"
"38","LITTLE ROCK","AR","72205",202591,12.2,12.5,14.6,14.6,12.4,11.9,11.6,6.8,3.5,"Urban"
"39","FAYETTEVILLE","AR",NA,93949,10.5,14.4,29.2,14.2,9.7,7.9,7.2,4.5,2.4,"Urban"
"40","LOS ANGELES","CA","90001",3898747,10.2,11.7,16.7,16.7,13.3,12.4,10,5.8,3.3,"Urban"
"48","LOS ANGELES","CA","90049",3898747,10.2,11.7,16.7,16.7,13.3,12.4,10,5.8,3.3,"Urban"
"49","SAN DIEGO","CA","92122",1386932,10.2,11.6,18,16.4,12.5,11.8,10,6.1,3.3,"Urban"
"51","SAN DIEGO","CA","92136",1386932,10.2,11.6,18,16.4,12.5,11.8,10,6.1,3.3,"Urban"
"52","SAN DIEGO","CA","92140",1386932,10.2,11.6,18,16.4,12.5,11.8,10,6.1,3.3,"Urban"
"53","SAN DIEGO","CA","92145",1386932,10.2,11.6,18,16.4,12.5,11.8,10,6.1,3.3,"Urban"
"54","SAN DIEGO","CA","92199",1386932,10.2,11.6,18,16.4,12.5,11.8,10,6.1,3.3,"Urban"
"63","DENVER","CO","80202",715522,10.6,10.3,19.4,20.6,12.7,10,8.7,5.3,2.5,"Urban"
"65","DENVER","CO","80210",715522,10.6,10.3,19.4,20.6,12.7,10,8.7,5.3,2.5,"Urban"
"66","DENVER","CO","80217",715522,10.6,10.3,19.4,20.6,12.7,10,8.7,5.3,2.5,"Urban"
"74","DENVER","CO","80218",715522,10.6,10.3,19.4,20.6,12.7,10,8.7,5.3,2.5,"Urban"
"75","COLORADO SPRINGS","CO","80903",478961,12.1,12.8,15.9,14.9,11.8,11.9,10.9,6.4,3.2,"Urban"
"79","COLORADO SPRINGS","CO","80909",478961,12.1,12.8,15.9,14.9,11.8,11.9,10.9,6.4,3.2,"Urban"
"81","COLORADO SPRINGS","CO","80910",478961,12.1,12.8,15.9,14.9,11.8,11.9,10.9,6.4,3.2,"Urban"
"82","COLORADO SPRINGS","CO","80920",478961,12.1,12.8,15.9,14.9,11.8,11.9,10.9,6.4,3.2,"Urban"
"83","BRIDGEPORT","CT","06602",148654,12.4,14.4,15.2,14.8,12.7,12.7,9.6,5.3,2.9,"Urban"
"85","STAMFORD","CT","06902",135470,11.1,11,15.1,16.7,12.4,12.7,10.5,6.3,4.2,"Urban"
"87","STAMFORD","CT","06907",135470,11.1,11,15.1,16.7,12.4,12.7,10.5,6.3,4.2,"Urban"
"89","WILMINGTON","DE","19801",70898,12.6,13,14.7,15.4,11.3,12.6,11.1,6.2,3.1,"Urban"
"92","WILMINGTON","DE","19803",70898,12.6,13,14.7,15.4,11.3,12.6,11.1,6.2,3.1,"Urban"
"95","DOVER","DE",NA,39403,12,14.1,20,12.2,9.5,10.4,10.3,7.1,4.5,"Urban"
"96","JACKSONVILLE","FL","32244",949611,12,12.2,14.7,14.5,12,13,11.5,6.7,3.2,"Urban"
"97","MIAMI","FL","33112",442241,9.3,9.1,14.5,17.5,13.8,13.5,10.4,7.1,4.9,"Urban"
"98","MIAMI","FL","33152",442241,9.3,9.1,14.5,17.5,13.8,13.5,10.4,7.1,4.9,"Urban"
"100","MIAMI","FL","33184",442241,9.3,9.1,14.5,17.5,13.8,13.5,10.4,7.1,4.9,"Urban"
"101","ATLANTA","GA","30304",498715,9.8,10.6,22.6,18.7,12.1,10.5,8.2,5,2.6,"Urban"
"113","ATLANTA","GA","30332",498715,9.8,10.6,22.6,18.7,12.1,10.5,8.2,5,2.6,"Urban"
"114","ATLANTA","GA","30336",498715,9.8,10.6,22.6,18.7,12.1,10.5,8.2,5,2.6,"Urban"
"115","ATLANTA","GA","30340",498715,9.8,10.6,22.6,18.7,12.1,10.5,8.2,5,2.6,"Urban"
"116","COLUMBUS","GA","31907",206922,13.2,13.6,14.9,14,11.5,11.9,11.3,6.4,3.3,"Urban"
"120","URBAN HONOLULU","HI",NA,350964,9.2,9.6,13.3,14,12.4,13.3,13.1,8.9,6,"Urban"
"121","EAST HONOLULU","HI",NA,50922,8.5,11.7,7.8,9.2,12.3,15.1,15.1,12.6,7.7,"Urban"
"122","BOISE CITY","ID",NA,235684,10.7,12.8,16,14.6,12.3,11.8,11.3,7,3.5,"Urban"
"123","MERIDIAN","ID",NA,117635,14.4,16.7,11.4,14.1,13.9,11,9.1,6.5,3.1,"Urban"
"124","CHICAGO","IL","60604",2746388,10.9,11.5,17.9,17.4,12.7,11.5,9.8,5.5,2.9,"Urban"
"125","CHICAGO","IL","60699",2746388,10.9,11.5,17.9,17.4,12.7,11.5,9.8,5.5,2.9,"Urban"
"144","AURORA","IL","60505",180542,13.5,16.5,13.6,14.2,14.9,12.4,8.4,4.4,2,"Urban"
"145","AURORA","IL","60598",180542,13.5,16.5,13.6,14.2,14.9,12.4,8.4,4.4,2,"Urban"
"147","INDIANAPOLIS CITY (BALANCE)","IN",NA,887642,13.4,13.4,16,15.2,11.9,11.6,10.4,5.4,2.7,"Urban"
"148","FORT WAYNE","IN","46802",263886,13.9,13.8,15,13.4,11.6,11.4,11.2,6.4,3.5,"Urban"
"149","DES MOINES","IA","50318",214133,13.1,13.2,16.1,14.9,11.7,11.8,10.4,5.7,3.1,"Urban"
"176","CEDAR RAPIDS","IA","52401",137710,12.5,12.9,15.2,14.2,11.6,11.8,10.8,6.6,4.4,"Urban"
"179","WICHITA","KS","67208",397532,13.2,14.1,14.8,13.5,11.3,11.8,11.4,6.4,3.4,"Urban"
"180","OVERLAND PARK","KS",NA,197238,12,12.8,13.1,14,12.6,12.7,11.3,7.2,4.1,"Urban"
"181","LOUISVILLE/JEFFERSON COUNTY METRO GOVERNMENT (BALANCE)","KY",NA,386884,12.2,12.9,12.3,13.1,12.8,13.2,12.1,7.3,3.8,"Urban"
"182","LEXINGTON-FAYETTE URBAN","KY",NA,322570,11.6,13.3,17.2,14.5,12.2,11.2,10.3,6.2,3.2,"Urban"
"183","NEW ORLEANS","LA","70113",383997,11.1,11.9,16.1,16.6,11.7,11.7,11.6,6.4,3,"Urban"
"193","NEW ORLEANS","LA","70114",383997,11.1,11.9,16.1,16.6,11.7,11.7,11.6,6.4,3,"Urban"
"194","BATON ROUGE","LA","70801",227470,11.6,15,19.6,13.2,10.1,10.5,10.5,6.1,3.3,"Urban"
"198","BATON ROUGE","LA","70810",227470,11.6,15,19.6,13.2,10.1,10.5,10.5,6.1,3.3,"Urban"
"199","BATON ROUGE","LA","70817",227470,11.6,15,19.6,13.2,10.1,10.5,10.5,6.1,3.3,"Urban"
"200","PORTLAND","ME","04101",68408,8.7,8.4,18,18.4,11.9,12.1,11.7,6.9,4,"Urban"
"203","LEWISTON","ME",NA,37121,11.9,14.2,13.5,13,11.4,12.7,11,7.7,4.7,"Urban"
"204","BALTIMORE","MD","21233",585708,10.9,11.2,17.7,16.7,10.7,12.1,11.3,6.2,3.2,"Urban"
"215","BALTIMORE","MD","21239",585708,10.9,11.2,17.7,16.7,10.7,12.1,11.3,6.2,3.2,"Urban"
"216","COLUMBIA","MD",NA,104681,11.8,12.6,13.1,14.6,13,13.1,11,7.5,3.3,"Urban"
"217","BOSTON","MA","02114",675647,8.4,10.2,27.1,17.4,9.8,10,8.7,5.4,3,"Urban"
"218","BOSTON","MA","02116",675647,8.4,10.2,27.1,17.4,9.8,10,8.7,5.4,3,"Urban"
"219","BOSTON","MA","02205",675647,8.4,10.2,27.1,17.4,9.8,10,8.7,5.4,3,"Urban"
"225","WORCESTER","MA","01613",206518,10.8,13.5,19,14.2,11.3,12,10.3,5.6,3.4,"Urban"
"226","DETROIT","MI","48233",639111,13.9,13.9,15.1,13.2,11.8,12.2,11.2,6,2.9,"Urban"
"241","GRAND RAPIDS","MI","49501",198917,12.3,12.2,22,15.9,10,9.8,9.3,5,3.5,"Urban"
"245","MINNEAPOLIS","MN","55401",429954,10.8,10.9,22.6,18.6,11.5,10.1,8.8,4.7,1.9,"Urban"
"254","ST. PAUL","MN",NA,311527,13.4,13.7,17.8,16,11.1,10.9,9.6,5,2.5,"Urban"
"255","JACKSON","MS","39201",153701,12.1,13.9,15.5,13,11.4,12.2,12.3,6.4,3.1,"Urban"
"256","JACKSON","MS","39209",153701,12.1,13.9,15.5,13,11.4,12.2,12.3,6.4,3.1,"Urban"
"257","GULFPORT","MS",NA,72926,12.9,13.2,13.8,13.7,11.6,12.2,12,7.1,3.5,"Urban"
"258","KANSAS CITY","MO","64108",508090,12.5,12.2,16.6,15.8,11.9,11.8,10.5,5.8,2.9,"Urban"
"262","KANSAS CITY","MO","64116",508090,12.5,12.2,16.6,15.8,11.9,11.8,10.5,5.8,2.9,"Urban"
"264","KANSAS CITY","MO","64121",508090,12.5,12.2,16.6,15.8,11.9,11.8,10.5,5.8,2.9,"Urban"
"269","ST. LOUIS","MO",NA,301578,10.2,10.2,19.1,17.3,11.4,11.8,11.7,5.6,2.7,"Urban"
"270","BILLINGS","MT","59101",117116,12.3,12.5,13.7,14.5,11.2,11.4,12.1,7.8,4.7,"Urban"
"276","MISSOULA","MT","59801",73489,10.1,11.1,20.2,16.6,11.7,9.8,10.5,6.7,3.5,"Urban"
"277","OMAHA","NE","68106",486051,13.4,13.9,15.6,14.6,11.4,11.5,10.5,5.9,3.1,"Urban"
"278","OMAHA","NE","68108",486051,13.4,13.9,15.6,14.6,11.4,11.5,10.5,5.9,3.1,"Urban"
"287","LINCOLN","NE","68501",291082,12.3,14.2,17.7,14.2,11.3,10.4,10.3,6.3,3.2,"Urban"
"288","LAS VEGAS","NV","89106",641903,12.2,13.5,13,13.9,13.2,12.8,10.9,7.2,3.3,"Urban"
"289","LAS VEGAS","NV","89199",641903,12.2,13.5,13,13.9,13.2,12.8,10.9,7.2,3.3,"Urban"
"296","HENDERSON","NV",NA,317610,10.5,12.3,11,12.9,13.4,13.6,12.7,9.9,3.9,"Urban"
"297","MANCHESTER","NH","03103",115644,10.4,10.6,17.2,15.7,11.4,13.3,11.5,6.3,3.6,"Urban"
"298","NASHUA","NH",NA,91322,10.1,11.3,13.6,14.3,12.2,14.6,12.5,7.2,4,"Urban"
"299","NEWARK","NJ","07102",311549,13.5,14.6,15.2,15.9,13.6,12.2,8.5,4.4,2,"Urban"
"309","JERSEY CITY","NJ","07302",292449,12,9.2,19.1,22.6,12.5,10.3,8,4.4,2,"Urban"
"312","ALBUQUERQUE","NM","87101",564559,10.8,12.9,14.4,14.4,12,12.3,11.9,7.6,3.8,"Urban"
"315","ALBUQUERQUE","NM","87116",564559,10.8,12.9,14.4,14.4,12,12.3,11.9,7.6,3.8,"Urban"
"316","LAS CRUCES","NM",NA,111385,12.2,13.7,16.4,13.6,10.5,10.4,11.1,7.8,4.3,"Urban"
"317","NEW YORK","NY","10001",8804190,10.8,11.3,16,16.2,12.5,12.4,10.6,6.5,3.7,"Urban"
"319","NEW YORK","NY","10003",8804190,10.8,11.3,16,16.2,12.5,12.4,10.6,6.5,3.7,"Urban"
"320","NEW YORK","NY","10007",8804190,10.8,11.3,16,16.2,12.5,12.4,10.6,6.5,3.7,"Urban"
"335","NEW YORK","NY","10010",8804190,10.8,11.3,16,16.2,12.5,12.4,10.6,6.5,3.7,"Urban"
"336","NEW YORK","NY","10011",8804190,10.8,11.3,16,16.2,12.5,12.4,10.6,6.5,3.7,"Urban"
"337","NEW YORK","NY","10013",8804190,10.8,11.3,16,16.2,12.5,12.4,10.6,6.5,3.7,"Urban"
"338","NEW YORK","NY","10016",8804190,10.8,11.3,16,16.2,12.5,12.4,10.6,6.5,3.7,"Urban"
"340","NEW YORK","NY","10017",8804190,10.8,11.3,16,16.2,12.5,12.4,10.6,6.5,3.7,"Urban"
"342","NEW YORK","NY","10018",8804190,10.8,11.3,16,16.2,12.5,12.4,10.6,6.5,3.7,"Urban"
"343","NEW YORK","NY","10019",8804190,10.8,11.3,16,16.2,12.5,12.4,10.6,6.5,3.7,"Urban"
"344","NEW YORK","NY","10020",8804190,10.8,11.3,16,16.2,12.5,12.4,10.6,6.5,3.7,"Urban"
"345","NEW YORK","NY","10021",8804190,10.8,11.3,16,16.2,12.5,12.4,10.6,6.5,3.7,"Urban"
"346","NEW YORK","NY","10022",8804190,10.8,11.3,16,16.2,12.5,12.4,10.6,6.5,3.7,"Urban"
"349","NEW YORK","NY","10023",8804190,10.8,11.3,16,16.2,12.5,12.4,10.6,6.5,3.7,"Urban"
"350","NEW YORK","NY","10024",8804190,10.8,11.3,16,16.2,12.5,12.4,10.6,6.5,3.7,"Urban"
"351","NEW YORK","NY","10025",8804190,10.8,11.3,16,16.2,12.5,12.4,10.6,6.5,3.7,"Urban"
"352","NEW YORK","NY","10028",8804190,10.8,11.3,16,16.2,12.5,12.4,10.6,6.5,3.7,"Urban"
"353","NEW YORK","NY","10036",8804190,10.8,11.3,16,16.2,12.5,12.4,10.6,6.5,3.7,"Urban"
"354","BUFFALO","NY","14225",278349,12.9,13.6,17.8,14.8,10.5,11.6,10.9,5.2,2.7,"Urban"
"355","BUFFALO","NY","14240",278349,12.9,13.6,17.8,14.8,10.5,11.6,10.9,5.2,2.7,"Urban"
"368","CHARLOTTE","NC","28204",874579,12.3,13.1,16.9,16.6,13.4,11.7,8.8,4.9,2.2,"Urban"
"370","CHARLOTTE","NC","28213",874579,12.3,13.1,16.9,16.6,13.4,11.7,8.8,4.9,2.2,"Urban"
"371","CHARLOTTE","NC","28228",874579,12.3,13.1,16.9,16.6,13.4,11.7,8.8,4.9,2.2,"Urban"
"381","RALEIGH","NC","27601",467665,11.2,12.8,19.3,16.1,12.9,11.2,8.6,5.1,2.7,"Urban"
"384","RALEIGH","NC","27613",467665,11.2,12.8,19.3,16.1,12.9,11.2,8.6,5.1,2.7,"Urban"
"385","RALEIGH","NC","27676",467665,11.2,12.8,19.3,16.1,12.9,11.2,8.6,5.1,2.7,"Urban"
"391","FARGO","ND","58102",125990,12,12,21.8,15.6,10.6,9.9,9.7,5.2,3.3,"Urban"
"396","BISMARCK","ND",NA,73622,12.5,11.8,14,14.5,11.2,11,12.1,7.5,5.4,"Urban"
"397","COLUMBUS","OH","43216",905748,12.8,11.9,20.7,16.7,11.5,10.5,9,4.7,2.3,"Urban"
"398","COLUMBUS","OH","43218",905748,12.8,11.9,20.7,16.7,11.5,10.5,9,4.7,2.3,"Urban"
"409","CLEVELAND","OH","44101",372624,12.2,12,16.3,14.3,10.8,13.1,12.3,5.9,3.3,"Urban"
"418","OKLAHOMA CITY","OK","73125",681054,13.7,13.7,14.8,15.4,12.2,11.2,10.3,5.9,3,"Urban"
"422","TULSA","OK","74103",413066,13,13.3,15.1,14.2,11.7,11.4,11,6.5,3.7,"Urban"
"428","TULSA","OK","74136",413066,13,13.3,15.1,14.2,11.7,11.4,11,6.5,3.7,"Urban"
"429","PORTLAND","OR","97208",652503,9.3,9.8,15.7,19.4,14.9,11.6,10.3,6.2,2.8,"Urban"
"430","PORTLAND","OR","97213",652503,9.3,9.8,15.7,19.4,14.9,11.6,10.3,6.2,2.8,"Urban"
"431","PORTLAND","OR","97230",652503,9.3,9.8,15.7,19.4,14.9,11.6,10.3,6.2,2.8,"Urban"
"434","EUGENE","OR",NA,176654,8.8,11.9,20,13.8,11.5,10.3,11.4,8.2,4,"Urban"
"435","PHILADELPHIA","PA","19104",1603797,11.2,11.9,18,16.3,11.1,11.4,10.6,6.1,3.3,"Urban"
"461","PHILADELPHIA","PA","19105",1603797,11.2,11.9,18,16.3,11.1,11.4,10.6,6.1,3.3,"Urban"
"462","PHILADELPHIA","PA","19176",1603797,11.2,11.9,18,16.3,11.1,11.4,10.6,6.1,3.3,"Urban"
"464","PITTSBURGH","PA","15205",302971,8.4,10.5,24.8,16.1,9.1,9.9,11,6.4,3.7,"Urban"
"465","PITTSBURGH","PA","15212",302971,8.4,10.5,24.8,16.1,9.1,9.9,11,6.4,3.7,"Urban"
"468","PITTSBURGH","PA","15213",302971,8.4,10.5,24.8,16.1,9.1,9.9,11,6.4,3.7,"Urban"
"470","PITTSBURGH","PA","15290",302971,8.4,10.5,24.8,16.1,9.1,9.9,11,6.4,3.7,"Urban"
"486","PROVIDENCE","RI","02904",190934,11.3,15.6,21.1,15.1,10.7,10.3,8.6,4.6,2.6,"Urban"
"489","CRANSTON","RI",NA,82934,9.8,11.9,12.7,14.1,12.3,14,13.2,7.7,4.6,"Urban"
"490","CHARLESTON","SC",NA,150227,10.8,9.4,19.2,17.2,11.3,10.6,10.8,7.3,3.4,"Urban"
"491","COLUMBIA","SC","29201",136632,9,17.7,23.4,13.3,9.8,9.8,9.1,5.4,2.5,"Urban"
"502","SIOUX FALLS","SD","57104",192517,14.1,12.7,14.8,15.4,11.7,11.2,10.4,6.2,3.4,"Urban"
"505","SIOUX FALLS","SD","57106",192517,14.1,12.7,14.8,15.4,11.7,11.2,10.4,6.2,3.4,"Urban"
"506","RAPID CITY","SD",NA,74703,11.9,12.6,14.9,14,10.8,10.9,12.1,7.6,5.2,"Urban"
"507","NASHVILLE-DAVIDSON METROPOLITAN GOVERNMENT (BALANCE)","TN",NA,689447,11.6,11.1,19.4,18,11.7,10.8,9.5,5.2,2.6,"Urban"
"508","MEMPHIS","TN","38101",633104,13.3,13.3,15.8,14.3,11.7,11.7,11.3,5.9,2.9,"Urban"
"518","MEMPHIS","TN","38103",633104,13.3,13.3,15.8,14.3,11.7,11.7,11.3,5.9,2.9,"Urban"
"519","MEMPHIS","TN","38114",633104,13.3,13.3,15.8,14.3,11.7,11.7,11.3,5.9,2.9,"Urban"
"520","MEMPHIS","TN","38115",633104,13.3,13.3,15.8,14.3,11.7,11.7,11.3,5.9,2.9,"Urban"
"521","MEMPHIS","TN","38119",633104,13.3,13.3,15.8,14.3,11.7,11.7,11.3,5.9,2.9,"Urban"
"524","HOUSTON","TX","77002",2304580,13.2,13.1,16.3,16.5,12.6,11.1,9.4,5.2,2.6,"Urban"
"529","SAN ANTONIO","TX","78205",1434625,12.6,14.1,15.9,14.4,12.1,11.8,10,6,3.1,"Urban"
"530","SAN ANTONIO","TX","78284",1434625,12.6,14.1,15.9,14.4,12.1,11.8,10,6,3.1,"Urban"
"531","SALT LAKE CITY","UT","84101",199723,10.1,11.7,23.7,17.3,11.8,9.6,8.5,4.8,2.4,"Urban"
"532","SALT LAKE CITY","UT","84108",199723,10.1,11.7,23.7,17.3,11.8,9.6,8.5,4.8,2.4,"Urban"
"534","SALT LAKE CITY","UT","84199",199723,10.1,11.7,23.7,17.3,11.8,9.6,8.5,4.8,2.4,"Urban"
"539","WEST VALLEY CITY","UT",NA,140230,15.6,17,15.1,14.8,13.1,10.4,8,4.3,1.7,"Urban"
"540","BURLINGTON","VT","05401",44743,7,15.8,31.4,12.9,8.2,8.6,8.4,5.1,2.6,"Urban"
"541","SOUTH BURLINGTON","VT",NA,20292,9.8,9.8,14.3,15.2,12.4,12.8,12.1,8.1,5.5,"Urban"
"542","VIRGINIA BEACH","VA","23452",459470,11.9,12.5,14.6,15,11.9,12.7,11.3,6.7,3.4,"Urban"
"543","VIRGINIA BEACH","VA","23464",459470,11.9,12.5,14.6,15,11.9,12.7,11.3,6.7,3.4,"Urban"
"545","CHESAPEAKE","VA","23320",249422,12.6,13.9,12.1,14.4,12.6,13.3,11.7,6.4,3,"Urban"
"546","SEATTLE","WA","98101",737015,8.4,8.6,21.1,21.2,12.9,10.7,9,5.5,2.7,"Urban"
"548","SEATTLE","WA","98105",737015,8.4,8.6,21.1,21.2,12.9,10.7,9,5.5,2.7,"Urban"
"549","SEATTLE","WA","98107",737015,8.4,8.6,21.1,21.2,12.9,10.7,9,5.5,2.7,"Urban"
"550","SEATTLE","WA","98134",737015,8.4,8.6,21.1,21.2,12.9,10.7,9,5.5,2.7,"Urban"
"551","SEATTLE","WA","98168",737015,8.4,8.6,21.1,21.2,12.9,10.7,9,5.5,2.7,"Urban"
"553","SPOKANE","WA","99201",228989,11.8,11.8,15.8,15.1,11.4,11.6,11.7,7,3.7,"Urban"
"555","SPOKANE","WA","99202",228989,11.8,11.8,15.8,15.1,11.4,11.6,11.7,7,3.7,"Urban"
"557","SPOKANE","WA","99218",228989,11.8,11.8,15.8,15.1,11.4,11.6,11.7,7,3.7,"Urban"
"558","CHARLESTON","WV","25301",48864,10.1,11.3,11.9,13,12.4,13,14.7,8.6,4.8,"Urban"
"561","HUNTINGTON","WV","25704",46842,9.6,12.7,18.4,12.9,11.2,11,11.8,8,4.4,"Urban"
"562","MILWAUKEE","WI","53203",577222,13.7,15,17.7,14.7,11.2,10.9,9.6,4.7,2.5,"Urban"
"570","MADISON","WI","53714",269840,9.6,11.8,24.7,16.1,10.2,9.5,9.3,5.7,3,"Urban"
"584","CHEYENNE","WY","82009",65132,12.3,12.4,13.5,15.1,11.2,11.8,11.8,7.6,4.3,"Urban"
"587","CASPER","WY",NA,59038,13.2,14,12.8,14.5,11.7,11.2,11.9,6.6,3.8,"Urban"
"588","BENNINGTON","VT",NA,8795,10.7,11.2,10.5,12.7,10.7,14.2,14.2,9.8,6.2,"Urban"
"110","RIDGEWAY","AK",NA,2136,11.1,15.6,8.7,11.9,11.9,12.4,16.3,8.8,3.3,"Rural"
"210","DELTANA","AK",NA,2359,13.2,15.1,9.6,11.6,11.6,14,14.7,8.3,2,"Rural"
"310","PRICEVILLE","AL",NA,3512,11.7,14.3,9.4,11.7,13.8,13.1,11,8.9,6.1,"Rural"
"410","SUMITON","AL",NA,2444,10.7,12.5,11.4,10.9,12.6,13.6,12.8,11,4.5,"Rural"
"510","HUNTSVILLE","AR",NA,2879,15.6,17.1,12.5,13.1,10,9.5,9.3,6.6,6.2,"Rural"
"6","BETHEL HEIGHTS","AR",NA,3015,18.9,19,14.6,15,12.2,9.9,5.7,2.9,1.7,"Rural"
"7","COLORADO CITY","AZ",NA,2478,20.2,33.5,16.1,12.1,7.6,4.7,3.3,1.5,1,"Rural"
"810","TIMBERLINE-FERNWOOD","AZ",NA,2572,10.9,13.1,8.2,10.9,13.6,16.2,17.1,8.4,1.6,"Rural"
"9","QUINCY","CA",NA,1630,8.9,13,10.9,13.9,10.6,10.2,17.9,9.3,5.2,"Rural"
"103","MEINERS OAKS","CA",NA,3911,10.1,12.3,10.1,11.8,12.2,12.8,17.1,9.4,4.4,"Rural"
"11","PALMER LAKE","CO",NA,2636,9.4,12.9,10,12.3,13.1,16,17,6.7,2.5,"Rural"
"12","LINCOLN PARK","CO",NA,3934,9.6,11.2,7.5,10,10.2,13.4,18.7,11.6,7.9,"Rural"
"13","SALMON BROOK","CT",NA,2428,9.6,12.2,7.6,9.6,10.4,17.2,14.5,10.3,8.5,"Rural"
"14","COMPO","CT",NA,3354,9.5,19,7.8,5.5,13.4,19.3,13.8,7.4,4.4,"Rural"
"15","CLAYTON","DE",NA,3961,14.7,17.7,11.4,14.3,15.3,12.1,8.6,4.5,1.5,"Rural"
"16","LONG NECK","DE",NA,3017,6,5.9,5.9,7.6,6.4,13.1,23.2,23.3,8.5,"Rural"
"17","WEST DELAND","FL",NA,3908,11.8,12.8,10.4,13,11,14.5,13.9,9,3.5,"Rural"
"18","HARBOR BLUFFS","FL",NA,2646,6.1,9.6,7.7,6,11.5,21,19.5,12.7,5.9,"Rural"
"19","MILLEN","GA",NA,2966,13.3,12.4,10.7,11.7,9.3,12.8,14.3,9.8,5.4,"Rural"
"20","MIDWAY","GA",NA,2141,14,14,14.4,14.7,11.5,16.1,10.4,3.4,1.6,"Rural"
"21","MAUNAWILI","HI",NA,2026,7.4,12,6.8,8.3,11.8,16.3,16.1,13.4,8.1,"Rural"
"22","HAWAIIAN BEACHES","HI",NA,3976,10.9,12.4,8.7,11.5,10.5,12.6,19.5,11,3,"Rural"
"23","ACKLEY","IA",NA,1599,11.1,12,10.1,11.8,7.9,12.7,14.4,10.1,9.8,"Rural"
"24","MITCHELLVILLE","IA",NA,2485,9,9.9,15.3,20.7,14.2,12.9,10,5.5,2.7,"Rural"
"25","SPIRIT LAKE","ID",NA,2337,13.1,13.8,10.1,12.6,12,13,15,7,3.1,"Rural"
"26","OSBURN","ID",NA,1567,11.7,11.6,8.1,9.7,10.5,15,16.3,12.1,5.1,"Rural"
"27","LE ROY","IL",NA,3512,13,14.6,10.4,12.3,14.4,13.6,10,7.5,4.1,"Rural"
"281","SESSER","IL",NA,1888,11.2,13.1,11.8,9.4,13.2,13,12.9,10.8,4.6,"Rural"
"291","OSSIAN","IN",NA,3266,12.6,13,12.9,12,10.8,12.3,12.1,8.8,5.8,"Rural"
"301","HEBRON","IN",NA,3755,12.5,16.1,12.2,13.9,13.4,12.1,11.3,6,2.5,"Rural"
"311","OAKLAWN-SUNVIEW","KS",NA,2880,16.8,16.5,13.4,14.5,11.2,10.8,10.3,4.8,1.8,"Rural"
"321","EDGERTON","KS",NA,1748,15.7,15.8,10.9,17.4,13.1,11.4,9,4.5,2.2,"Rural"
"33","STURGIS","KY",NA,1735,12.7,13.1,11,10.8,12,12.3,14.3,8.9,4.9,"Rural"
"34","WINDY HILLS","KY",NA,2427,9.5,8.6,4.8,10.9,10.4,11.5,18.7,16.2,9.4,"Rural"
"35","LUTCHER","LA",NA,3133,12.1,11.6,11.8,10.7,9.3,12.7,16.4,8.2,7,"Rural"
"36","POYDRAS","LA",NA,2536,13.1,13.2,13.2,14,9,14.2,14.6,6.9,1.9,"Rural"
"37","WHITE ISLAND SHORES","MA",NA,2180,10.4,10.1,13.6,16.2,11.2,14.8,15,6.7,2.1,"Rural"
"382","UPTON","MA",NA,3090,10.4,14,10.4,11,12.9,17.6,13,7.3,3.3,"Rural"
"392","BOONSBORO","MD",NA,3799,12.3,15,9.9,13.8,12.4,14.1,10.6,7.5,4.1,"Rural"
"401","INDIAN HEAD","MD",NA,3894,14.2,14.7,12.5,16.1,12.6,14.4,9,4.3,2.2,"Rural"
"41","BAR HARBOR","ME",NA,2260,5.6,9.8,17.1,12,9.4,11.5,17.4,11.4,5.9,"Rural"
"42","BERWICK","ME",NA,2277,9.9,15.4,10.9,17.4,12.2,14.2,11.4,6.4,2.2,"Rural"
"43","SKIDWAY LAKE","MI",NA,3082,10.5,11.5,9.7,11.9,10.4,16,16.1,9.7,4.2,"Rural"
"44","HUDSON","MI",NA,2415,16.6,14.9,13.4,12.4,12,11.4,11.2,5.2,3,"Rural"
"45","MELROSE","MN",NA,3602,14,15.9,10.6,11.3,11.6,12.3,10.3,6.4,7.6,"Rural"
"46","BAYPORT","MN",NA,4024,9.2,8.4,14.8,23.6,15,11.4,9,4.1,4.4,"Rural"
"47","GARDEN CITY","MO",NA,1629,14.8,14.7,14.2,12.7,12.2,12.9,9.9,6.2,2.5,"Rural"
"481","LATHROP","MO",NA,2271,14,17.4,9.8,12.7,13.7,12.4,9.5,7.7,2.7,"Rural"
"492","IUKA","MS",NA,3139,11.5,13,10.8,10.7,10.2,12.9,12.9,10.6,7.4,"Rural"
"50","BEECHWOOD","MS",NA,3469,15.4,14.5,12,11.2,12.2,12.1,11.6,7.6,3.4,"Rural"
"511","FORSYTH","MT",NA,1647,9.2,10,9.9,9,9.9,13,17.9,13.7,7.7,"Rural"
"522","WOLF POINT","MT",NA,2517,14.5,14.6,12.3,13.1,11,10.7,13.2,5.8,4.7,"Rural"
"533","ELKIN","NC",NA,4122,10.9,11.9,10.7,10.1,11.7,12.4,13,10.4,8.9,"Rural"
"544","FAIRPLAINS","NC",NA,2029,12.2,13.6,11.8,11.4,11,13.5,13.2,7.9,5.5,"Rural"
"55","BOTTINEAU","ND",NA,2194,11.8,15.1,12.6,11.2,9.1,10.1,11.6,9.6,8.9,"Rural"
"56","HAZEN","ND",NA,2281,13.3,12.8,8.6,13.2,10.7,12,16.7,8.3,4.3,"Rural"
"57","ST. PAUL","NE",NA,2416,14.3,13.8,8.8,12.7,11.5,10.4,10.9,8.4,9.1,"Rural"
"58","O'NEILL","NE",NA,3581,14.1,12.3,11.4,12.4,10.1,11.7,13.4,7.9,6.8,"Rural"
"59","ENFIELD","NH",NA,1571,9.1,8.3,14.1,14.9,11.2,14.6,15.7,7.7,4.3,"Rural"
"60","RAYMOND","NH",NA,3738,8.6,10.2,11.1,13.3,13.2,15.4,16.3,8.4,3.4,"Rural"
"61","GREAT NOTCH","NJ",NA,3289,8.1,8.5,10.3,13.2,12.7,14.8,15.8,10.6,6,"Rural"
"62","UNION","NJ",NA,2229,9.5,11.1,13.1,15,15.1,14.6,10.4,6.7,4.4,"Rural"
"631","SANTA CLARA","NM",NA,1637,10,11.9,9.1,8.6,11.7,12.1,14.7,11.8,10.2,"Rural"
"64","CENTER POINT","NM",NA,2435,9.5,13.4,9.3,11,11.7,14.9,15.8,10.1,4.6,"Rural"
"651","YERINGTON","NV",NA,3121,11.8,12.2,9,12.2,9.8,12,14.4,10.7,7.8,"Rural"
"661","HAWTHORNE","NV",NA,3118,11.4,9.5,10,12.1,9.6,12.6,16.6,11.9,6.3,"Rural"
"67","PALMYRA","NY",NA,3305,10.6,12.8,13.3,12.7,12.4,12.9,14.3,8,3.1,"Rural"
"68","CLARENCE CENTER","NY",NA,2605,10.1,18,8.5,8.1,12.8,16.5,13.5,8.4,4.1,"Rural"
"69","GREENHILLS","OH",NA,3741,12,12.3,11.5,14.6,11.5,13.2,13,7.1,4.9,"Rural"
"70","SIXTEEN MILE STAND","OH",NA,3091,12.6,13.3,12.4,14.5,12.4,11.8,13.9,6.7,2.4,"Rural"
"71","NEWKIRK","OK",NA,2172,12.9,13.6,13,13.9,10.5,10.8,11.4,8.7,5.3,"Rural"
"72","GOLDSBY","OK",NA,2694,14.7,17.4,7.1,13.1,15,11.5,12.2,6.6,2.4,"Rural"
"73","CLATSKANIE","OR",NA,1716,11.4,12.7,12.9,14.1,10.5,11.5,13.6,8.3,5,"Rural"
"741","COQUILLE","OR",NA,4015,10.8,11.2,11.1,11.6,11.4,11.9,15.3,10.8,5.9,"Rural"
"751","LAWSON HEIGHTS","PA",NA,2090,7.9,9.4,9.7,9.7,11.8,14.4,16,11.4,9.7,"Rural"
"76","SPINNERSTOWN","PA",NA,1697,9.8,16.1,9,10.6,14.7,16.8,12.5,8,2.6,"Rural"
"77","CHARLESTOWN","RI",NA,1714,4.5,6.5,7.6,7.1,7.6,16.3,26,17.6,7,"Rural"
"78","HARRISVILLE","RI",NA,1745,10.1,11.7,11.2,11.6,11.8,15.1,15.1,8.4,4.8,"Rural"
"791","BURNETTOWN","SC",NA,3105,11.4,15.2,12.5,12,13,12.3,11.4,8.7,3.3,"Rural"
"80","INDIA HOOK","SC",NA,3817,10.3,12.5,9.8,13.4,13.1,13,13.7,10.7,3.4,"Rural"
"811","PINE RIDGE","SD",NA,3138,16.2,23.4,13.5,13.2,10.3,10.8,8.1,3.3,1.3,"Rural"
"821","NORTH EAGLE BUTTE","SD",NA,1879,19.2,18.1,14.3,11.3,11.2,12.3,9.1,3.1,1.3,"Rural"
"831","JACKSBORO","TN",NA,2306,10.2,11.5,12.4,12.2,14.2,13.7,13.3,8.4,4.2,"Rural"
"84","COLONIAL HEIGHTS","TN",NA,3055,8.8,12.5,10.8,11,14.4,14.8,13,9.9,4.8,"Rural"
"851","SMITHVILLE","TX",NA,3922,12.5,13.5,9.4,11.4,11.2,13.6,13.3,10.6,4.3,"Rural"
"86","OVERTON","TX",NA,2275,13.3,15,11.6,12.8,12.1,12.4,10.5,7.5,4.8,"Rural"
"871","HONEYVILLE","UT",NA,1606,12.9,20.9,8.8,10.8,14,11.2,12.5,5.9,3,"Rural"
"88","LEWISTON","UT",NA,1939,17.9,18,12.9,12.6,11.2,8.7,10.7,5.4,2.7,"Rural"
"891","STEPHENS CITY","VA",NA,2016,12.7,15.2,13,15.2,12.6,12.1,9.7,7.1,2.3,"Rural"
"90","NEW MARKET","VA",NA,2155,10.9,11.1,9.6,11.1,9.9,12.7,13.9,12.7,8.3,"Rural"
"91","WEST RUTLAND","VT",NA,1898,9.4,10.8,10.7,12.7,11,15.9,15.4,9.6,4.5,"Rural"
"921","SWANTON","VT",NA,2328,12.1,10.4,12.3,13.7,11.8,13.5,12.1,9.2,4.8,"Rural"
"93","WARDEN","WA",NA,2449,15.2,19.9,14,13.1,10.4,13,8.8,3.9,1.6,"Rural"
"94","MABTON","WA",NA,1959,17,21.7,14.3,12.5,10.6,10.1,8.3,3.8,1.8,"Rural"
"951","KEWASKUM","WI",NA,4309,13,12.3,9.4,14.2,12.3,13.3,11.6,9,5,"Rural"
"961","NIAGARA","WI",NA,1602,11,11.9,9.6,12.9,10.6,14.1,13.4,8.2,8.6,"Rural"
"971","SISSONVILLE","WV",NA,4084,10.6,11.6,8.9,10.9,13.1,13.7,14.5,10.7,6,"Rural"
"981","BLUEWELL","WV",NA,2162,11.1,9.7,14.7,8.6,12.9,14.5,15.7,9.4,3.4,"Rural"
"99","ARAPAHOE","WY",NA,1612,18.5,18.9,14.5,10.2,11.1,9.8,10,4.9,2,"Rural"
"1001","NEWCASTLE","WY",NA,3374,10.8,11.6,10.2,13.1,13.3,13,14,8.3,5.8,"Rural"
"1011","SANTO DOMINGO",NA,NA,2957,10.6,12.9,10.8,13.1,12.9,14.3,13.5,8.8,3.2,"Rural"
"102","RÍO BLANCO",NA,NA,1505,8.5,12.6,11.7,12.4,15.4,10.9,11.3,11.4,5.8,"Rural"
